year,state_po,race_key,dem_two_party,dem_winner,incumbent_party,lean_rel_dem,inc_dem,midterm_dem,nat_env,dem_name,rep_name
2010,AK,AK-SEN,0.397955,False,,-0.147536,0,-1,-0.03593,SCOTT T. MCADAMS,JOE MILLER
2010,AL,AL-SEN,0.347499,False,Republican,-0.145797,-1,-1,-0.03593,WILLIAM G. BARNES,RICHARD C. SHELBY
2010,AR,AR-SEN,0.389519,False,Democrat,-0.138605,1,-1,-0.03593,BLANCHE L. LINCOLN,JOHN BOOZMAN
2010,AZ,AZ-SEN,0.370557,False,Republican,-0.080027,-1,-1,-0.03593,RODNEY GLASSMAN,JOHN MCCAIN
2010,CA,CA-SEN,0.553047,True,Democrat,0.085896,1,-1,-0.03593,BARBARA BOXER,CARLY FIORINA
2010,CO,CO-SEN,0.508618,True,,0.00862,0,-1,-0.03593,MICHAEL F. BENNET,KEN BUCK
2010,CT,CT-SEN,0.548418,True,,0.076295,0,-1,-0.03593,RICHARD BLUMENTHAL,LINDA E. MCMAHON
2010,FL,FL-SEN,0.292332,False,,-0.022691,0,-1,-0.03593,KENDRICK B. MEEK,MARCO RUBIO
2010,GA,GA-SEN,0.400783,False,Republican,-0.063171,-1,-1,-0.03593,"MICHAEL \MIKE\"" THURMOND""",JOHNNY ISAKSON
2010,HI,HI-SEN,0.776186,True,Democrat,0.193049,1,-1,-0.03593,DANIEL K. INOUYE,CAM CAVASSO
2010,IA,IA-SEN,0.341027,False,,0.0116,0,-1,-0.03593,ROXANNE CONLIN,CHUCK GRASSLEY
2010,ID,ID-SEN,0.259385,False,Republican,-0.167134,-1,-1,-0.03593,P. TOM SULLIVAN,MIKE CRAPO
2010,IN,IN-SEN,0.422922,False,,-0.031668,0,-1,-0.03593,BRAD ELLSWORTH,DAN COATS
2010,KS,KS-SEN,0.27343,False,,-0.113011,0,-1,-0.03593,LISA JOHNSTON,JERRY MORAN
2010,KY,KY-SEN,0.442595,False,,-0.119222,0,-1,-0.03593,JACK CONWAY,RAND PAUL
2010,LA,LA-SEN,0.399813,False,Republican,-0.13146,-1,-1,-0.03593,"\CHARLIE\"" MELANCON""",DAVID VITTER
2010,MD,MD-SEN,0.63497,True,Democrat,0.092413,1,-1,-0.03593,BARBARA MIKULSKI,ERIC WARGOTZ
2010,MO,MO-SEN,0.428297,False,,-0.037564,0,-1,-0.03593,ROBIN CARNAHAN,ROY BLUNT
2010,NC,NC-SEN,0.439885,False,Republican,-0.035228,-1,-1,-0.03593,ELAINE MARSHALL,RICHARD BURR
2010,ND,ND-SEN,0.225682,False,,-0.080975,0,-1,-0.03593,TRACY POTTER,JOHN HOEVEN
2010,NH,NH-SEN,0.380125,False,,0.011797,0,-1,-0.03593,PAUL W. HODES,KELLY AYOTTE
2010,NV,NV-SEN,0.530274,True,Democrat,0.026979,1,-1,-0.03593,HARRY REID,SHARRON ANGLE
2010,NY,NY-SEN,0.710878,True,Democrat,0.098879,1,-1,-0.03593,CHARLES E. SCHUMER,JAY TOWNSEND
2010,OH,OH-SEN,0.40939,False,,-0.01355,0,-1,-0.03593,LEE FISHER,ROB PORTMAN
2010,OK,OK-SEN,0.270055,False,,-0.193339,0,-1,-0.03593,JIM ROGERS,THOMAS A. COBURN
2010,OR,OR-SEN,0.593162,True,Democrat,0.047249,1,-1,-0.03593,RON WYDEN,JIM HUFFMAN
2010,PA,PA-SEN,0.489915,False,,0.015409,0,-1,-0.03593,JOE SESTAK,PAT TOOMEY
2010,SC,SC-SEN,0.310199,False,Republican,-0.082332,-1,-1,-0.03593,ALVIN M. GREENE,JIM DEMINT
2010,UT,UT-SEN,0.347256,False,,-0.182152,0,-1,-0.03593,SAM F. GRANATO,MIKE LEE
2010,VT,VT-SEN,0.675422,True,Democrat,0.152104,1,-1,-0.03593,PATRICK J. LEAHY,LEN BRITTON
2010,WI,WI-SEN,0.475508,False,,0.033669,0,-1,-0.03593,RUSSELL D. FEINGOLD,RON JOHNSON
2012,AZ,AZ-SEN,0.484139,False,,-0.080027,0,0,0.002192,RICHARD CARMONA,JEFF FLAKE
2012,CA,CA-SEN,0.625243,True,Democrat,0.085896,1,0,0.002192,DIANNE FEINSTEIN,ELIZABETH EMKEN
2012,CT,CT-SEN,0.567409,True,,0.076295,0,0,0.002192,CHRISTOPHER S. MURPHY,LINDA E. MCMAHON
2012,DE,DE-SEN,0.696417,True,Democrat,0.089493,1,0,0.002192,THOMAS R. CARPER,KEVIN WADE
2012,FL,FL-SEN,0.566726,True,Democrat,-0.022691,1,0,0.002192,BILL NELSON,CONNIE MACK
2012,HI,HI-SEN,0.626015,True,,0.193049,0,0,0.002192,MAZIE K. HIRONO,LINDA LINGLE
2012,IN,IN-SEN,0.530553,True,,-0.031668,0,0,0.002192,JOE DONNELLY,RICHARD E. MOURDOCK
2012,MA,MA-SEN,0.537772,True,,0.095083,0,0,0.002192,ELIZABETH A. WARREN,SCOTT P. BROWN
2012,MD,MD-SEN,0.680116,True,Democrat,0.092413,1,0,0.002192,BENJAMIN L. CARDIN,DANIEL JOHN BONGINO
2012,ME,ME-SEN,0.301331,False,,0.051407,0,0,0.002192,CYNTHIA ANN DILL,"CHARLES E. SUMMERS, JR."
2012,MI,MI-SEN,0.607528,True,Democrat,0.046825,1,0,0.002192,DEBBIE STABENOW,PETE HOEKSTRA
2012,MN,MN-SEN,0.681193,True,Democrat,0.015406,1,0,0.002192,AMY KLOBUCHAR,KURT BILLS
2012,MO,MO-SEN,0.583578,True,Democrat,-0.037564,1,0,0.002192,CLAIRE MCCASKILL,W. TODD AKIN
2012,MS,MS-SEN,0.415028,False,Republican,-0.103307,-1,0,0.002192,"ALBERT N. GORE, JR.",ROGER F. WICKER
2012,MT,MT-SEN,0.519895,True,Democrat,-0.048582,1,0,0.002192,JON TESTER,DENNY REHBERG
2012,ND,ND-SEN,0.504591,True,,-0.080975,0,0,0.002192,HEIDI HEITKAMP,RICK BERG
2012,NE,NE-SEN,0.422256,False,,-0.112979,0,0,0.002192,BOB KERREY,DEB FISCHER
2012,NJ,NJ-SEN,0.599202,True,Democrat,0.041758,1,0,0.002192,ROBERT MENENDEZ,JOE KYRILLOS
2012,NM,NM-SEN,0.529758,True,,0.039761,0,0,0.002192,MARTIN HEINRICH,HEATHER A. WILSON
2012,NV,NV-SEN,0.493595,False,,0.026979,0,0,0.002192,SHELLEY BERKLEY,DEAN HELLER
2012,NY,NY-SEN,0.744781,True,Democrat,0.098879,1,0,0.002192,KIRSTEN E. GILLIBRAND,WENDY LONG
2012,OH,OH-SEN,0.53145,True,Democrat,-0.01355,1,0,0.002192,SHERROD BROWN,JOSH MANDEL
2012,PA,PA-SEN,0.54631,True,,0.015409,0,0,0.002192,"ROBERT P. CASEY, JR.",TOM SMITH
2012,RI,RI-SEN,0.649563,True,Democrat,0.105093,1,0,0.002192,SHELDON WHITEHOUSE,BENJAMIN BARRETT HINCKLEY III
2012,TN,TN-SEN,0.319068,False,Republican,-0.113203,-1,0,0.002192,MARK E. CLAYTON,BOB CORKER
2012,TX,TX-SEN,0.418455,False,,-0.096247,0,0,0.002192,PAUL SADLER,TED CRUZ
2012,UT,UT-SEN,0.314621,False,Republican,-0.182152,-1,0,0.002192,SCOTT HOWELL,ORRIN G. HATCH
2012,VA,VA-SEN,0.529577,True,,-0.005062,0,0,0.002192,TIMOTHY M. KAINE,GEORGE F. ALLEN
2012,WI,WI-SEN,0.528522,True,,0.033669,0,0,0.002192,TAMMY BALDWIN,TOMMY G. THOMPSON
2012,WV,WV-SEN,0.624173,True,Democrat,-0.103625,1,0,0.002192,JOE MANCHIN III,JOHN R. RAESE
2012,WY,WY-SEN,0.222517,False,Republican,-0.202508,-1,0,0.002192,TIM CHESNUT,JOHN BARRASSO
2014,AK,AK-SEN,0.488648,False,Democrat,-0.092754,1,-1,-0.035854,MARK BEGICH,DAN SULLIVAN
2014,AR,AR-SEN,0.411042,False,Democrat,-0.141145,1,-1,-0.035854,MARK L. PRYOR,TOM COTTON
2014,CO,CO-SEN,0.489708,False,Democrat,0.007879,1,-1,-0.035854,MARK UDALL,CORY GARDNER
2014,DE,DE-SEN,0.569357,True,Democrat,0.074869,1,-1,-0.035854,CHRISTOPHER A. COONS,KEVIN WADE
2014,GA,GA-SEN,0.460841,False,,-0.059167,0,-1,-0.035854,M. MICHELLE NUNN,DAVID A. PERDUE
2014,IA,IA-SEN,0.456505,False,,0.009993,0,-1,-0.035854,BRUCE BRALEY,JONI ERNST
2014,ID,ID-SEN,0.346716,False,,-0.183815,0,-1,-0.035854,NELS MITCHELL,JAMES E. RISCH
2014,IL,IL-SEN,0.556387,True,Democrat,0.066174,1,-1,-0.035854,RICHARD J. DURBIN,"JAMES D. \JIM\"" OBERWEIS"""
2014,KY,KY-SEN,0.420197,False,,-0.135029,0,-1,-0.035854,ALISON LUNDERGAN GRIMES,MICH MCCONNELL
2014,LA,LA-SEN,0.45042,False,Democrat,-0.107069,1,-1,-0.035854,MARY L. LANDRIEU,BILL CASSIDY
2014,MA,MA-SEN,0.619601,True,,0.098256,0,-1,-0.035854,EDWARD J. MARKEY,BRIAN J. HERR
2014,ME,ME-SEN,0.315116,False,Republican,0.058998,-1,-1,-0.035854,SHENNA BELLOWS,SUSAN M. COLLINS
2014,MI,MI-SEN,0.569235,True,,0.028404,0,-1,-0.035854,GARY C. PETERS,TERRI LYNN LAND
2014,MN,MN-SEN,0.553319,True,Democrat,0.019811,1,-1,-0.035854,AL FRANKEN,MIKE MCFADDEN
2014,MS,MS-SEN,0.387492,False,Republican,-0.07762,-1,-1,-0.035854,TRAVIS W. CHILDERS,THAD COCHRAN
2014,MT,MT-SEN,0.409469,False,,-0.089943,0,-1,-0.035854,AMANDA CURTIS,STEVE DAINES
2014,NC,NC-SEN,0.491858,False,Democrat,-0.029941,1,-1,-0.035854,KAY R. HAGAN,THOM TILLIS
2014,NE,NE-SEN,0.328581,False,,-0.130895,0,-1,-0.035854,DAVE DOMINA,BEN SASSE
2014,NH,NH-SEN,0.516275,True,Democrat,0.008737,1,-1,-0.035854,JEANNE SHAHEEN,SCOTT P. BROWN
2014,NJ,NJ-SEN,0.568814,True,,0.070268,0,-1,-0.035854,CORY A. BOOKER,JEFF BELL
2014,NM,NM-SEN,0.555588,True,Democrat,0.033351,1,-1,-0.035854,TOM UDALL,ALLEN E. WEH
2014,OK,OK-SEN,0.295666,False,Republican,-0.187324,-1,-1,-0.035854,MATT SILVERSTEIN,JAMES M. INHOFE
2014,OR,OR-SEN,0.601852,True,Democrat,0.043111,1,-1,-0.035854,JEFF MERKLEY,MONICA WEHBY
2014,RI,RI-SEN,0.707029,True,Democrat,0.120566,1,-1,-0.035854,JACK REED,MARK S. ZACCARIA
2014,SC,SC-SEN,0.404301,False,Republican,-0.072684,-1,-1,-0.035854,BRAD HUTTO,LINDSEY GRAHAM
2014,SD,SD-SEN,0.369431,False,,-0.111786,0,-1,-0.035854,RICK WEILAND,MIKE ROUNDS
2014,TN,TN-SEN,0.339961,False,Republican,-0.123112,-1,-1,-0.035854,GORDON BALL,LAMAR ALEXANDER
2014,TX,TX-SEN,0.358245,False,Republican,-0.09968,-1,-1,-0.035854,DAVID M. ALAMEEL,JOHN CORNYN
2014,VA,VA-SEN,0.504162,True,Democrat,7.3e-05,1,-1,-0.035854,MARK R. WARNER,ED. W. GILLESPIE
2014,WV,WV-SEN,0.35684,False,,-0.156344,0,-1,-0.035854,NATALIE TENNANT,SHELLEY MOORE CAPITO
2014,WY,WY-SEN,0.194639,False,Republican,-0.231207,-1,-1,-0.035854,CHARLIE HARDY,MICHAEL B. ENZI
2016,AK,AK-SEN,0.20763,False,,-0.092754,0,0,-0.007332,RAY METCALFE,LISA MURKOWSKI
2016,AL,AL-SEN,0.359298,False,Republican,-0.131763,-1,0,-0.007332,RON CRUMPTON,RICHARD C. SHELBY
2016,AR,AR-SEN,0.377007,False,Republican,-0.141145,-1,0,-0.007332,CONNER ELDRIDGE,JOHN BOOZMAN
2016,AZ,AZ-SEN,0.431391,False,Republican,-0.065735,-1,0,-0.007332,ANN KIRKPATRICK,JOHN MCCAIN
2016,CO,CO-SEN,0.530045,True,Democrat,0.007879,1,0,-0.007332,MICHAEL F. BENNET,DARRYL GLENN
2016,CT,CT-SEN,0.624932,True,Democrat,0.068125,1,0,-0.007332,RICHARD BLUMENTHAL,DAN CARTER
2016,FL,FL-SEN,0.460194,False,Republican,-0.015178,-1,0,-0.007332,PATRICK MURPHY,MARCO RUBIO
2016,GA,GA-SEN,0.428246,False,Republican,-0.059167,-1,0,-0.007332,JIM BARKSDALE,JOHNNY ISAKSON
2016,HI,HI-SEN,0.767936,True,Democrat,0.197437,1,0,-0.007332,BRIAN SCHATZ,JOHN CARROLL
2016,IA,IA-SEN,0.372397,False,Republican,0.009993,-1,0,-0.007332,PATTY JUDGE,CHUCK GRASSLEY
2016,ID,ID-SEN,0.295401,False,Republican,-0.183815,-1,0,-0.007332,JERRY STURGILL,MIKE CRAPO
2016,IL,IL-SEN,0.579676,True,Republican,0.066174,-1,0,-0.007332,TAMMY DUCKWORTH,MARK KIRK
2016,IN,IN-SEN,0.448693,False,,-0.071605,0,0,-0.007332,EVAN BAYH,TODD C. YOUNG
2016,KS,KS-SEN,0.341457,False,Republican,-0.130734,-1,0,-0.007332,PATRICK WIESNER,JERRY MORAN
2016,KY,KY-SEN,0.427254,False,Republican,-0.135029,-1,0,-0.007332,JIM GRAY,RAND PAUL
2016,LA,LA-SEN,0.362652,False,,-0.107069,0,0,-0.007332,FOSTER CAMPBELL,JOHN KENNEDY
2016,MD,MD-SEN,0.630553,True,,0.113616,0,0,-0.007332,CHRIS VAN HOLLEN,KATHY SZELIGA
2016,MO,MO-SEN,0.485392,False,Republican,-0.067388,-1,0,-0.007332,JASON KANDER,ROY BLUNT
2016,NC,NC-SEN,0.470464,False,Republican,-0.029941,-1,0,-0.007332,DEBORAH K. ROSS,RICHARD BURR
2016,ND,ND-SEN,0.177777,False,Republican,-0.12078,-1,0,-0.007332,ELIOT GLASSHEIM,JOHN HOEVEN
2016,NH,NH-SEN,0.500718,True,Republican,0.008737,-1,0,-0.007332,MAGGIE HASSAN,KELLY AYOTTE
2016,NV,NV-SEN,0.513232,True,,0.014474,0,0,-0.007332,CATHERINE CORTEZ MASTO,JOSEPH J. HECK
2016,NY,NY-SEN,0.735112,True,Democrat,0.123408,1,0,-0.007332,CHARLES E. SCHUMER,WENDY LONG
2016,OH,OH-SEN,0.390366,False,Republican,-0.004455,-1,0,-0.007332,TED STRICKLAND,ROB PORTMAN
2016,OK,OK-SEN,0.26624,False,Republican,-0.187324,-1,0,-0.007332,MIKE WORKMAN,JAMES LANKFORD
2016,OR,OR-SEN,0.629258,True,Democrat,0.043111,1,0,-0.007332,RON WYDEN,MARK CALLAHAN
2016,PA,PA-SEN,0.492548,False,,0.007718,0,0,-0.007332,KATIE MCGINTY,PATRICK J. TOOMEY
2016,SC,SC-SEN,0.362018,False,Republican,-0.072684,-1,0,-0.007332,THOMAS DIXON,TIM SCOTT
2016,SD,SD-SEN,0.281721,False,Republican,-0.111786,-1,0,-0.007332,JAY WILLIAMS,JOHN R. THUNE
2016,UT,UT-SEN,0.284215,False,Republican,-0.265863,-1,0,-0.007332,MISTY K. SNOW,MIKE LEE
2016,VT,VT-SEN,0.649733,True,Democrat,0.444146,1,0,-0.007332,PATRICK J. LEAHY,SCOTT MILNE
2016,WI,WI-SEN,0.482667,False,Republican,0.015563,-1,0,-0.007332,RUSS FEINGOLD,RON JOHNSON
2018,AZ,AZ-SEN,0.512015,True,,-0.030056,0,1,0.037233,KYRSTEN SINEMA,MARTHA MCSALLY
2018,CT,CT-SEN,0.590733,True,Democrat,0.060259,1,1,0.037233,CHRISTOPHER S MURPHY,MATTHEW COREY
2018,DE,DE-SEN,0.613195,True,Democrat,0.04883,1,1,0.037233,THOMAS R CARPER,ROBERT B ARLETT
2018,FL,FL-SEN,0.499387,False,Democrat,-0.017344,1,1,0.037233,BILL NELSON,RICK SCOTT
2018,HI,HI-SEN,0.711511,True,Democrat,0.163257,1,1,0.037233,MAZIE K. HIRONO,RON CURTIS
2018,IN,IN-SEN,0.469185,False,Democrat,-0.112329,1,1,0.037233,JOE DONNELLY,MIKE BRAUN
2018,MA,MA-SEN,0.625194,True,Democrat,0.135357,1,1,0.037233,ELIZABETH A. WARREN,GEOFF DIEHL
2018,MD,MD-SEN,0.681528,True,,0.129006,0,1,0.037233,BEN CARDIN,TONY CAMPBELL
2018,ME,ME-SEN,0.228692,False,,0.004812,0,1,0.037233,ZAK RINGELSTEIN,ERIC L. BRAKEY
2018,MI,MI-SEN,0.533186,True,Democrat,-0.012333,1,1,0.037233,DEBBIE STABENOW,JOHN JAMES
2018,MN,MN-SEN,0.624817,True,Democrat,-0.002837,1,1,0.037233,AMY KLOBUCHAR,JIM NEWBERGER
2018,MO,MO-SEN,0.470017,False,Democrat,-0.109342,1,1,0.037233,CLAIRE MCCASKILL,JOSH HAWLEY
2018,MS,MS-SEN,0.402936,False,Republican,-0.102054,-1,1,0.037233,DAVID BARIA,ROGER F. WICKER
2018,MT,MT-SEN,0.518285,True,Democrat,-0.122253,1,1,0.037233,JON TESTER,MATT ROSENDALE
2018,ND,ND-SEN,0.445473,False,Democrat,-0.209248,1,1,0.037233,HEIDI HEITKAMP,KEVIN CRAMER
2018,NE,NE-SEN,0.401025,False,Republican,-0.146633,-1,1,0.037233,JANE RAYBOULD,DEB FISCHER
2018,NJ,NJ-SEN,0.557722,True,Democrat,0.061686,1,1,0.037233,ROBERT MENENDEZ,BOB HUGIN
2018,NM,NM-SEN,0.639184,True,Democrat,0.035352,1,1,0.037233,MARTIN T HEINRICH,MICK RICH
2018,NV,NV-SEN,0.526238,True,Republican,0.001781,-1,1,0.037233,JACKY ROSEN,DEAN HELLER
2018,NY,NY-SEN,0.684568,True,Democrat,0.106568,1,1,0.037233,KIRSTEN E. GILLIBRAND,CHELE CHIAVACCI FARLEY
2018,OH,OH-SEN,0.534237,True,Democrat,-0.053833,1,1,0.037233,SHERROD BROWN,JIM RENACCI
2018,PA,PA-SEN,0.565428,True,Democrat,-0.014911,1,1,0.037233,ROBERT P CASEY JR,LOUIS J. BARLETTA
2018,RI,RI-SEN,0.615797,True,Democrat,0.071951,1,1,0.037233,SHELDON WHITEHOUSE,"ROBERT G. FLANDERS, JR."
2018,TN,TN-SEN,0.445314,False,,-0.147399,0,1,0.037233,PHIL BREDESEN,MARSHA BLACKBURN
2018,TX,TX-SEN,0.487063,False,Republican,-0.058288,-1,1,0.037233,BETO O'ROURKE,TED CRUZ
2018,UT,UT-SEN,0.330605,False,,-0.134993,0,1,0.037233,JENNY WILSON,MITT ROMNEY
2018,VA,VA-SEN,0.5816,True,Democrat,0.017108,1,1,0.037233,TIMOTHY M. KAINE,COREY A. STEWART
2018,WI,WI-SEN,0.554186,True,Democrat,-0.015236,1,1,0.037233,TAMMY BALDWIN,LEAH VUKMIR
2018,WV,WV-SEN,0.516947,True,Democrat,-0.232767,1,1,0.037233,JOE MANCHIN,PATRICK MORRISEY
2018,WY,WY-SEN,0.310109,False,Republican,-0.268209,-1,1,0.037233,GARY TRAUNER,JOHN BARRASSO
2020,AK,AK-SEN,0.433205,False,Republican,-0.095013,-1,0,0.014068,AL GROSS,DAN SULLIVAN
2020,AL,AL-SEN,0.398035,False,,-0.154897,0,0,0.014068,DOUG JONES,TOMMY TUBERVILLE
2020,CO,CO-SEN,0.547716,True,Republican,0.015677,-1,0,0.014068,JOHN W. HICKENLOOPER,CORY GARDNER
2020,DE,DE-SEN,0.61065,True,Democrat,0.04883,1,0,0.014068,CHRISTOPHER A. COONS,LAUREN WITZKE
2020,GA,GA-SEN,0.490894,False,Republican,-0.037768,-1,0,0.014068,JON OSSOFF,DAVID A. PERDUE
2020,IA,IA-SEN,0.466004,False,Republican,-0.061791,-1,0,0.014068,THERESA GREENFIELD,JONI ERNST
2020,ID,ID-SEN,0.346792,False,,-0.194258,0,0,0.014068,PAULETTE JORDAN,JIM RISCH
2020,IL,IL-SEN,0.585649,True,Democrat,0.079045,1,0,0.014068,RICHARD J. DURBIN,MARK C. CURRAN JR.
2020,KS,KS-SEN,0.43981,False,,-0.122271,0,0,0.014068,BARBARA BOLLIER,ROGER MARSHALL
2020,KY,KY-SEN,0.398257,False,,-0.167862,0,0,0.014068,AMY MCGRATH,MITCH MCCONNELL
2020,LA,LA-SEN,0.365809,False,Republican,-0.112873,-1,0,0.014068,ADRIAN PERKINS,"\BILL\"" CASSIDY"""
2020,MA,MA-SEN,0.666882,True,Democrat,0.135357,1,0,0.014068,EDWARD J. MARKEY,KEVIN J. O'CONNER
2020,ME,ME-SEN,0.453965,False,Republican,0.004812,-1,0,0.014068,SARA I. GIDEON,SUSAN MARGARET COLLINS
2020,MI,MI-SEN,0.508586,True,Democrat,-0.012333,1,0,0.014068,GARY PETERS,JOHN JAMES
2020,MN,MN-SEN,0.528397,True,Democrat,-0.002837,1,0,0.014068,TINA SMITH,JASON LEWIS
2020,MS,MS-SEN,0.449224,False,Republican,-0.102054,-1,0,0.014068,MIKE ESPY,CINDY HYDE-SMITH
2020,MT,MT-SEN,0.449878,False,Republican,-0.122253,-1,0,0.014068,STEVE BULLOCK,STEVE DAINES
2020,NC,NC-SEN,0.490867,False,Republican,-0.030193,-1,0,0.014068,CAL CUNNINGHAM,THOM TILLIS
2020,NE,NE-SEN,0.280241,False,Republican,-0.146633,-1,0,0.014068,CHRIS JANICEK,BEN SASSE
2020,NH,NH-SEN,0.580147,True,Democrat,-0.009186,1,0,0.014068,JEANNE SHAHEEN,CORKY MESSNER
2020,NJ,NJ-SEN,0.583076,True,Democrat,0.061686,1,0,0.014068,CORY BOOKER,"RIKIN \RIK\"" MEHTA"""
2020,NM,NM-SEN,0.531356,True,,0.035352,0,0,0.014068,BEN R. LUJAN,MARK V. RONCHETTI
2020,OK,OK-SEN,0.342375,False,,-0.204203,0,0,0.014068,ABBY BROYLES,JIM INHOFE 
2020,OR,OR-SEN,0.591374,True,Democrat,0.050402,1,0,0.014068,JEFF MERKLEY,JO RAE PERKINS
2020,RI,RI-SEN,0.665899,True,,0.071951,0,0,0.014068,JOHN F. REED,ALLEN R. WATERS
2020,SC,SC-SEN,0.447921,False,Republican,-0.085759,-1,0,0.014068,JAIME HARRISON,LINDSEY GRAHAM
2020,SD,SD-SEN,0.342648,False,Republican,-0.170875,-1,0,0.014068,DAN AHLERS,MIKE ROUNDS
2020,TN,TN-SEN,0.361148,False,,-0.147399,0,0,0.014068,MARQUITA BRADSHAW,BILL HAGERTY
2020,TX,TX-SEN,0.450505,False,Republican,-0.058288,-1,0,0.014068,"MARY \MJ\"" HEGAR""",JOHN CORNYN
2020,VA,VA-SEN,0.560479,True,Democrat,0.017108,1,0,0.014068,MARK R. WARNER,DANIEL M. GADE
2020,WV,WV-SEN,0.277539,False,Republican,-0.232767,-1,0,0.014068,PAULA JEAN SWEARENGIN,SHELLEY MOORE CAPITO
2022,AL,AL-SEN,0.316735,False,,-0.161093,0,-1,-0.015973,WILL BOYD,KATIE BRITT
2022,AR,AR-SEN,0.321086,False,Republican,-0.174103,-1,-1,-0.015973,NATALIE JAMES,JOHN BOOZMAN
2022,AZ,AZ-SEN,0.524957,True,Democrat,-0.030411,1,-1,-0.015973,MARK KELLY,BLAKE MASTERS
2022,CA,CA-SEN,0.610645,True,,0.117115,0,-1,-0.015973,ALEX PADILLA,MARK P. MEUSER
2022,CO,CO-SEN,0.575236,True,Democrat,0.037404,1,-1,-0.015973,MICHAEL BENNET,JOE O'DEA
2022,FL,FL-SEN,0.417062,False,Republican,-0.048927,-1,-1,-0.015973,VAL DEMINGS,MARCO RUBIO
2022,GA,GA-SEN,0.504887,True,Democrat,-0.030786,1,-1,-0.015973,RAPHAEL WARNOCK,HERSCHEL JUNIOR WALKER
2022,HI,HI-SEN,0.732266,True,,0.118348,0,-1,-0.015973,"SCHATZ, BRIAN","MCDERMOTT, BOB"
2022,IA,IA-SEN,0.439016,False,Republican,-0.073812,-1,-1,-0.015973,MICHAEL FRANKEN,CHUCK GRASSLEY
2022,ID,ID-SEN,0.321395,False,Republican,-0.19075,-1,-1,-0.015973,DAVID ROTH,MIKE CRAPO
2022,IN,IN-SEN,0.392522,False,Republican,-0.113961,-1,-1,-0.015973,"THOMAS M. MCDERMOTT, JR.",TODD YOUNG
2022,KS,KS-SEN,0.381684,False,Republican,-0.106913,-1,-1,-0.015973,MARK R. HOLLAND,JERRY MORAN
2022,KY,KY-SEN,0.381901,False,Republican,-0.16398,-1,-1,-0.015973,CHARLES BOOKER,RAND PAUL
2022,LA,LA-SEN,0.354269,False,Republican,-0.126623,-1,-1,-0.015973,"GARY CHAMBERS, JR.",JOHN KENNEDY
2022,MO,MO-SEN,0.431737,False,,0.444608,0,-1,-0.015973,TRUDY BUSCH VALENTINE,ERIC SCHMITT
2022,NC,NC-SEN,0.483504,False,,-0.038821,0,-1,-0.015973,CHERI BEASLEY,TED BUDD
2022,ND,ND-SEN,0.306928,False,Republican,-0.204031,-1,-1,-0.015973,KATRINA CHRISTIANSEN,JOHN HOEVEN
2022,NH,NH-SEN,0.54675,True,Democrat,0.00551,1,-1,-0.015973,MAGGIE HASSAN,DONALD C. BOLDUC
2022,NV,NV-SEN,0.504009,True,,0.44643,0,-1,-0.015973,"CORTEZ MASTO, CATHERINE","LAXALT, ADAM PAUL"
2022,NY,NY-SEN,0.578274,True,Democrat,0.085293,1,-1,-0.015973,CHARLES E. SCHUMER,JOE PINION
2022,OH,OH-SEN,0.469428,False,,-0.072746,0,-1,-0.015973,TIM RYAN,JD VANCE
2022,OK,OK-SEN,0.332967,False,Republican,-0.201379,-1,-1,-0.015973,MADISON HORN,JAMES LANKFORD
2022,OR,OR-SEN,0.577043,True,,0.051093,0,-1,-0.015973,WYDEN RON,PERKINS JO RAE
2022,PA,PA-SEN,0.525175,True,,-0.026087,0,-1,-0.015973,JOHN K FETTERMAN,MEHMET C OZ
2022,SC,SC-SEN,0.370518,False,Republican,-0.091245,-1,-1,-0.015973,KRYSTLE MATTHEWS,TIM SCOTT
2022,SD,SD-SEN,0.273029,False,Republican,-0.166327,-1,-1,-0.015973,BRIAN L BENGS,JOHN R THUNE
2022,VT,VT-SEN,0.709547,True,,0.151013,0,-1,-0.015973,PETER WELCH,GERALD MALLOY
2022,WI,WI-SEN,0.494954,False,Republican,-0.028788,-1,-1,-0.015973,MANDELA BARNES,RON JOHNSON
2024,AZ,AZ-SEN,0.512312,True,,-0.030411,0,0,-0.013174,RUBEN GALLEGO,KARI LAKE
2024,CA,CA-SEN,0.588725,True,,0.117115,0,0,-0.013174,ADAM B. SCHIFF,STEVE GARVEY
2024,CT,CT-SEN,0.584377,True,Democrat,0.069971,1,0,-0.013174,CHRISTOPHER S. MURPHY,MATTHEW M. COREY
2024,DE,DE-SEN,0.588915,True,,0.064288,0,0,-0.013174,LISA BLUNT ROCHESTER,ERIC HANSEN
2024,FL,FL-SEN,0.435041,False,Republican,-0.048927,-1,0,-0.013174,DEBBIE MUCARSEL-POWELL,RICK SCOTT
2024,HI,HI-SEN,0.66945,True,Democrat,0.118348,1,0,-0.013174,MAZIE K. HIRONO,BOB MCDERMOTT
2024,IN,IN-SEN,0.397994,False,,-0.113961,0,0,-0.013174,VALERIE MCCRAY,JIM BANKS
2024,MA,MA-SEN,0.599238,True,Democrat,0.139176,1,0,-0.013174,ELIZABETH ANN WARREN,JOHN DEATON
2024,MD,MD-SEN,0.560533,True,,0.138311,0,0,-0.013174,ANGELA ALSOBROOKS,LARRY HOGAN
2024,ME,ME-SEN,0.238074,False,,0.014725,0,0,-0.013174,DAVID ALLEN COSTELLO,DEMI KOUZOUNAS
2024,MI,MI-SEN,0.501758,True,,-0.017843,0,0,-0.013174,ELISSA SLOTKIN,MIKE ROGERS
2024,MN,MN-SEN,0.581178,True,Democrat,0.004416,1,0,-0.013174,AMY KLOBUCHAR,ROYCE WHITE
2024,MO,MO-SEN,0.429518,False,Republican,0.444608,-1,0,-0.013174,LUCAS KUNCE,JOSH HAWLEY
2024,MS,MS-SEN,0.371878,False,Republican,-0.115829,-1,0,-0.013174,TY PINKINS,ROGER F. WICKER
2024,MT,MT-SEN,0.463609,False,Democrat,-0.115951,1,0,-0.013174,JON TESTER,TIM SHEEHY
2024,ND,ND-SEN,0.334834,False,Republican,-0.204031,-1,0,-0.013174,KATRINA CHRISTIANSEN,KEVIN CRAMER
2024,NJ,NJ-SEN,0.549288,True,,0.048735,0,0,-0.013174,ANDY KIM,CURTIS BASHAW
2024,NM,NM-SEN,0.550567,True,Democrat,0.023206,1,0,-0.013174,MARTIN HEINRICH,NELLA LOUISE DOMENICI
2024,NV,NV-SEN,0.508729,True,Democrat,0.44643,1,0,-0.013174,JACKY S. ROSEN,SAM BROWN
2024,NY,NY-SEN,0.59204,True,Democrat,0.085293,1,0,-0.013174,KIRSTEN E. GILLIBRAND,MICHAEL D. SAPRAICONE
2024,OH,OH-SEN,0.481262,False,Democrat,-0.072746,1,0,-0.013174,SHERROD BROWN,BERNIE MORENO
2024,PA,PA-SEN,0.498886,False,Democrat,-0.026087,1,0,-0.013174,ROBERT P CASEY JR,DAVE MCCORMICK
2024,RI,RI-SEN,0.600494,True,Democrat,0.074015,1,0,-0.013174,SHELDON WHITEHOUSE,PATRICIA MORGAN
2024,TN,TN-SEN,0.348741,False,Republican,-0.150257,-1,0,-0.013174,GLORIA JOHNSON,MARSHA BLACKBURN
2024,TX,TX-SEN,0.456474,False,Republican,-0.060286,-1,0,-0.013174,COLIN ALLRED,TED CRUZ
2024,UT,UT-SEN,0.336797,False,,-0.138915,0,0,-0.013174,CAROLINE GLEICH,JOHN CURTIS
2024,VA,VA-SEN,0.54476,True,Democrat,0.019568,1,0,-0.013174,TIMOTHY M. KAINE,HUNG CAO
2024,WI,WI-SEN,0.504339,True,Democrat,-0.028788,1,0,-0.013174,TAMMY BALDWIN,ERIC HOVDE
2024,WV,WV-SEN,0.287611,False,,-0.229964,0,0,-0.013174,GLENN ELLIOTT,JIM JUSTICE
2024,WY,WY-SEN,0.243098,False,Republican,-0.256783,-1,0,-0.013174,SCOTT D MORROW,JOHN BARRASSO
