member_bioguide_id,member_name,district,party,congress,chamber,rollcall_id,rollcall_date,bill_id,theme,axis_direction,vote_cast,contested,adjudication_note,adjudicator,adjudication_date,source_url,plain_language_summary
B001292,"Donald S. Beyer, Jr.",8,Democrat,119,House,h-119-1-156,2025-06-06,hr-2966-119,ACCESS_TO_CAPITAL,oppose,nay,true,,HUMAN,2026-08-04,https://clerk.house.gov/evs/2025/roll156.xml,
C001118,Ben Cline,6,Republican,119,House,h-119-1-156,2025-06-06,hr-2966-119,ACCESS_TO_CAPITAL,oppose,yea,true,,HUMAN,2026-08-04,https://clerk.house.gov/evs/2025/roll156.xml,
G000568,H. Morgan Griffith,9,Republican,119,House,h-119-1-156,2025-06-06,hr-2966-119,ACCESS_TO_CAPITAL,oppose,yea,true,,HUMAN,2026-08-04,https://clerk.house.gov/evs/2025/roll156.xml,
K000399,Jennifer A. Kiggans,2,Republican,119,House,h-119-1-156,2025-06-06,hr-2966-119,ACCESS_TO_CAPITAL,oppose,yea,true,,HUMAN,2026-08-04,https://clerk.house.gov/evs/2025/roll156.xml,
M001227,Jennifer L. McClellan,4,Democrat,119,House,h-119-1-156,2025-06-06,hr-2966-119,ACCESS_TO_CAPITAL,oppose,nay,true,,HUMAN,2026-08-04,https://clerk.house.gov/evs/2025/roll156.xml,
M001239,John J. McGuire III,5,Republican,119,House,h-119-1-156,2025-06-06,hr-2966-119,ACCESS_TO_CAPITAL,oppose,yea,true,,HUMAN,2026-08-04,https://clerk.house.gov/evs/2025/roll156.xml,
S000185,"Robert C. ""Bobby"" Scott",3,Democrat,119,House,h-119-1-156,2025-06-06,hr-2966-119,ACCESS_TO_CAPITAL,oppose,nay,true,,HUMAN,2026-08-04,https://clerk.house.gov/evs/2025/roll156.xml,
S001230,Suhas Subramanyam,10,Democrat,119,House,h-119-1-156,2025-06-06,hr-2966-119,ACCESS_TO_CAPITAL,oppose,nay,true,,HUMAN,2026-08-04,https://clerk.house.gov/evs/2025/roll156.xml,
V000138,Eugene Simon Vindman,7,Democrat,119,House,h-119-1-156,2025-06-06,hr-2966-119,ACCESS_TO_CAPITAL,oppose,nay,true,,HUMAN,2026-08-04,https://clerk.house.gov/evs/2025/roll156.xml,
W000804,Robert J. Wittman,1,Republican,119,House,h-119-1-156,2025-06-06,hr-2966-119,ACCESS_TO_CAPITAL,oppose,yea,true,,HUMAN,2026-08-04,https://clerk.house.gov/evs/2025/roll156.xml,
B001292,"Donald S. Beyer, Jr.",8,Democrat,119,House,h-119-1-262,2025-09-10,hr-3838-119,FEDERAL_CONTRACTING,advance,nay,true,,HUMAN,2026-08-04,https://clerk.house.gov/evs/2025/roll262.xml,
C001118,Ben Cline,6,Republican,119,House,h-119-1-262,2025-09-10,hr-3838-119,FEDERAL_CONTRACTING,advance,yea,true,,HUMAN,2026-08-04,https://clerk.house.gov/evs/2025/roll262.xml,
G000568,H. Morgan Griffith,9,Republican,119,House,h-119-1-262,2025-09-10,hr-3838-119,FEDERAL_CONTRACTING,advance,yea,true,,HUMAN,2026-08-04,https://clerk.house.gov/evs/2025/roll262.xml,
K000399,Jennifer A. Kiggans,2,Republican,119,House,h-119-1-262,2025-09-10,hr-3838-119,FEDERAL_CONTRACTING,advance,yea,true,,HUMAN,2026-08-04,https://clerk.house.gov/evs/2025/roll262.xml,
M001227,Jennifer L. McClellan,4,Democrat,119,House,h-119-1-262,2025-09-10,hr-3838-119,FEDERAL_CONTRACTING,advance,nay,true,,HUMAN,2026-08-04,https://clerk.house.gov/evs/2025/roll262.xml,
M001239,John J. McGuire III,5,Republican,119,House,h-119-1-262,2025-09-10,hr-3838-119,FEDERAL_CONTRACTING,advance,yea,true,,HUMAN,2026-08-04,https://clerk.house.gov/evs/2025/roll262.xml,
S000185,"Robert C. ""Bobby"" Scott",3,Democrat,119,House,h-119-1-262,2025-09-10,hr-3838-119,FEDERAL_CONTRACTING,advance,nay,true,,HUMAN,2026-08-04,https://clerk.house.gov/evs/2025/roll262.xml,
S001230,Suhas Subramanyam,10,Democrat,119,House,h-119-1-262,2025-09-10,hr-3838-119,FEDERAL_CONTRACTING,advance,nay,true,,HUMAN,2026-08-04,https://clerk.house.gov/evs/2025/roll262.xml,
V000138,Eugene Simon Vindman,7,Democrat,119,House,h-119-1-262,2025-09-10,hr-3838-119,FEDERAL_CONTRACTING,advance,yea,true,,HUMAN,2026-08-04,https://clerk.house.gov/evs/2025/roll262.xml,
W000804,Robert J. Wittman,1,Republican,119,House,h-119-1-262,2025-09-10,hr-3838-119,FEDERAL_CONTRACTING,advance,yea,true,,HUMAN,2026-08-04,https://clerk.house.gov/evs/2025/roll262.xml,
W000831,James R. Walkinshaw,11,Democrat,119,House,h-119-1-262,2025-09-10,hr-3838-119,FEDERAL_CONTRACTING,advance,nay,true,,HUMAN,2026-08-04,https://clerk.house.gov/evs/2025/roll262.xml,
B001292,"Donald S. Beyer, Jr.",8,Democrat,119,House,h-119-1-362,2025-12-18,hr-498-119,HEALTH_COSTS,oppose,nay,true,,HUMAN,2026-08-04,https://clerk.house.gov/evs/2025/roll362.xml,
C001118,Ben Cline,6,Republican,119,House,h-119-1-362,2025-12-18,hr-498-119,HEALTH_COSTS,oppose,yea,true,,HUMAN,2026-08-04,https://clerk.house.gov/evs/2025/roll362.xml,
G000568,H. Morgan Griffith,9,Republican,119,House,h-119-1-362,2025-12-18,hr-498-119,HEALTH_COSTS,oppose,yea,true,,HUMAN,2026-08-04,https://clerk.house.gov/evs/2025/roll362.xml,
K000399,Jennifer A. Kiggans,2,Republican,119,House,h-119-1-362,2025-12-18,hr-498-119,HEALTH_COSTS,oppose,yea,true,,HUMAN,2026-08-04,https://clerk.house.gov/evs/2025/roll362.xml,
M001227,Jennifer L. McClellan,4,Democrat,119,House,h-119-1-362,2025-12-18,hr-498-119,HEALTH_COSTS,oppose,nay,true,,HUMAN,2026-08-04,https://clerk.house.gov/evs/2025/roll362.xml,
M001239,John J. McGuire III,5,Republican,119,House,h-119-1-362,2025-12-18,hr-498-119,HEALTH_COSTS,oppose,yea,true,,HUMAN,2026-08-04,https://clerk.house.gov/evs/2025/roll362.xml,
S000185,"Robert C. ""Bobby"" Scott",3,Democrat,119,House,h-119-1-362,2025-12-18,hr-498-119,HEALTH_COSTS,oppose,nay,true,,HUMAN,2026-08-04,https://clerk.house.gov/evs/2025/roll362.xml,
S001230,Suhas Subramanyam,10,Democrat,119,House,h-119-1-362,2025-12-18,hr-498-119,HEALTH_COSTS,oppose,nay,true,,HUMAN,2026-08-04,https://clerk.house.gov/evs/2025/roll362.xml,
V000138,Eugene Simon Vindman,7,Democrat,119,House,h-119-1-362,2025-12-18,hr-498-119,HEALTH_COSTS,oppose,nay,true,,HUMAN,2026-08-04,https://clerk.house.gov/evs/2025/roll362.xml,
W000804,Robert J. Wittman,1,Republican,119,House,h-119-1-362,2025-12-18,hr-498-119,HEALTH_COSTS,oppose,yea,true,,HUMAN,2026-08-04,https://clerk.house.gov/evs/2025/roll362.xml,
W000831,James R. Walkinshaw,11,Democrat,119,House,h-119-1-362,2025-12-18,hr-498-119,HEALTH_COSTS,oppose,nay,true,,HUMAN,2026-08-04,https://clerk.house.gov/evs/2025/roll362.xml,
B001292,"Donald S. Beyer, Jr.",8,Democrat,119,House,h-119-1-52,2025-02-26,hjres-35-119,INPUT_COSTS,advance,nay,true,,HUMAN,2026-08-04,https://clerk.house.gov/evs/2025/roll052.xml,
C001118,Ben Cline,6,Republican,119,House,h-119-1-52,2025-02-26,hjres-35-119,INPUT_COSTS,advance,yea,true,,HUMAN,2026-08-04,https://clerk.house.gov/evs/2025/roll052.xml,
G000568,H. Morgan Griffith,9,Republican,119,House,h-119-1-52,2025-02-26,hjres-35-119,INPUT_COSTS,advance,yea,true,,HUMAN,2026-08-04,https://clerk.house.gov/evs/2025/roll052.xml,
K000399,Jennifer A. Kiggans,2,Republican,119,House,h-119-1-52,2025-02-26,hjres-35-119,INPUT_COSTS,advance,yea,true,,HUMAN,2026-08-04,https://clerk.house.gov/evs/2025/roll052.xml,
M001227,Jennifer L. McClellan,4,Democrat,119,House,h-119-1-52,2025-02-26,hjres-35-119,INPUT_COSTS,advance,nay,true,,HUMAN,2026-08-04,https://clerk.house.gov/evs/2025/roll052.xml,
M001239,John J. McGuire III,5,Republican,119,House,h-119-1-52,2025-02-26,hjres-35-119,INPUT_COSTS,advance,yea,true,,HUMAN,2026-08-04,https://clerk.house.gov/evs/2025/roll052.xml,
S000185,"Robert C. ""Bobby"" Scott",3,Democrat,119,House,h-119-1-52,2025-02-26,hjres-35-119,INPUT_COSTS,advance,nay,true,,HUMAN,2026-08-04,https://clerk.house.gov/evs/2025/roll052.xml,
S001230,Suhas Subramanyam,10,Democrat,119,House,h-119-1-52,2025-02-26,hjres-35-119,INPUT_COSTS,advance,nay,true,,HUMAN,2026-08-04,https://clerk.house.gov/evs/2025/roll052.xml,
V000138,Eugene Simon Vindman,7,Democrat,119,House,h-119-1-52,2025-02-26,hjres-35-119,INPUT_COSTS,advance,nay,true,,HUMAN,2026-08-04,https://clerk.house.gov/evs/2025/roll052.xml,
W000804,Robert J. Wittman,1,Republican,119,House,h-119-1-52,2025-02-26,hjres-35-119,INPUT_COSTS,advance,yea,true,,HUMAN,2026-08-04,https://clerk.house.gov/evs/2025/roll052.xml,
B001292,"Donald S. Beyer, Jr.",8,Democrat,119,House,h-119-1-324,2025-12-11,hr-3638-119,INPUT_COSTS,advance,nay,true,,HUMAN,2026-08-04,https://clerk.house.gov/evs/2025/roll324.xml,
C001118,Ben Cline,6,Republican,119,House,h-119-1-324,2025-12-11,hr-3638-119,INPUT_COSTS,advance,yea,true,,HUMAN,2026-08-04,https://clerk.house.gov/evs/2025/roll324.xml,
G000568,H. Morgan Griffith,9,Republican,119,House,h-119-1-324,2025-12-11,hr-3638-119,INPUT_COSTS,advance,yea,true,,HUMAN,2026-08-04,https://clerk.house.gov/evs/2025/roll324.xml,
K000399,Jennifer A. Kiggans,2,Republican,119,House,h-119-1-324,2025-12-11,hr-3638-119,INPUT_COSTS,advance,yea,true,,HUMAN,2026-08-04,https://clerk.house.gov/evs/2025/roll324.xml,
M001227,Jennifer L. McClellan,4,Democrat,119,House,h-119-1-324,2025-12-11,hr-3638-119,INPUT_COSTS,advance,nay,true,,HUMAN,2026-08-04,https://clerk.house.gov/evs/2025/roll324.xml,
M001239,John J. McGuire III,5,Republican,119,House,h-119-1-324,2025-12-11,hr-3638-119,INPUT_COSTS,advance,yea,true,,HUMAN,2026-08-04,https://clerk.house.gov/evs/2025/roll324.xml,
S000185,"Robert C. ""Bobby"" Scott",3,Democrat,119,House,h-119-1-324,2025-12-11,hr-3638-119,INPUT_COSTS,advance,nay,true,,HUMAN,2026-08-04,https://clerk.house.gov/evs/2025/roll324.xml,
S001230,Suhas Subramanyam,10,Democrat,119,House,h-119-1-324,2025-12-11,hr-3638-119,INPUT_COSTS,advance,nay,true,,HUMAN,2026-08-04,https://clerk.house.gov/evs/2025/roll324.xml,
V000138,Eugene Simon Vindman,7,Democrat,119,House,h-119-1-324,2025-12-11,hr-3638-119,INPUT_COSTS,advance,yea,true,,HUMAN,2026-08-04,https://clerk.house.gov/evs/2025/roll324.xml,
W000804,Robert J. Wittman,1,Republican,119,House,h-119-1-324,2025-12-11,hr-3638-119,INPUT_COSTS,advance,yea,true,,HUMAN,2026-08-04,https://clerk.house.gov/evs/2025/roll324.xml,
W000831,James R. Walkinshaw,11,Democrat,119,House,h-119-1-324,2025-12-11,hr-3638-119,INPUT_COSTS,advance,nay,true,,HUMAN,2026-08-04,https://clerk.house.gov/evs/2025/roll324.xml,
B001292,"Donald S. Beyer, Jr.",8,Democrat,119,House,h-119-2-55,2026-02-04,hr-4090-119,INPUT_COSTS,advance,nay,true,,HUMAN,2026-08-04,https://clerk.house.gov/evs/2026/roll055.xml,
C001118,Ben Cline,6,Republican,119,House,h-119-2-55,2026-02-04,hr-4090-119,INPUT_COSTS,advance,yea,true,,HUMAN,2026-08-04,https://clerk.house.gov/evs/2026/roll055.xml,
G000568,H. Morgan Griffith,9,Republican,119,House,h-119-2-55,2026-02-04,hr-4090-119,INPUT_COSTS,advance,yea,true,,HUMAN,2026-08-04,https://clerk.house.gov/evs/2026/roll055.xml,
K000399,Jennifer A. Kiggans,2,Republican,119,House,h-119-2-55,2026-02-04,hr-4090-119,INPUT_COSTS,advance,yea,true,,HUMAN,2026-08-04,https://clerk.house.gov/evs/2026/roll055.xml,
M001227,Jennifer L. McClellan,4,Democrat,119,House,h-119-2-55,2026-02-04,hr-4090-119,INPUT_COSTS,advance,nay,true,,HUMAN,2026-08-04,https://clerk.house.gov/evs/2026/roll055.xml,
M001239,John J. McGuire III,5,Republican,119,House,h-119-2-55,2026-02-04,hr-4090-119,INPUT_COSTS,advance,yea,true,,HUMAN,2026-08-04,https://clerk.house.gov/evs/2026/roll055.xml,
S000185,"Robert C. ""Bobby"" Scott",3,Democrat,119,House,h-119-2-55,2026-02-04,hr-4090-119,INPUT_COSTS,advance,nay,true,,HUMAN,2026-08-04,https://clerk.house.gov/evs/2026/roll055.xml,
S001230,Suhas Subramanyam,10,Democrat,119,House,h-119-2-55,2026-02-04,hr-4090-119,INPUT_COSTS,advance,nay,true,,HUMAN,2026-08-04,https://clerk.house.gov/evs/2026/roll055.xml,
V000138,Eugene Simon Vindman,7,Democrat,119,House,h-119-2-55,2026-02-04,hr-4090-119,INPUT_COSTS,advance,nay,true,,HUMAN,2026-08-04,https://clerk.house.gov/evs/2026/roll055.xml,
W000804,Robert J. Wittman,1,Republican,119,House,h-119-2-55,2026-02-04,hr-4090-119,INPUT_COSTS,advance,yea,true,,HUMAN,2026-08-04,https://clerk.house.gov/evs/2026/roll055.xml,
W000831,James R. Walkinshaw,11,Democrat,119,House,h-119-2-55,2026-02-04,hr-4090-119,INPUT_COSTS,advance,nay,true,,HUMAN,2026-08-04,https://clerk.house.gov/evs/2026/roll055.xml,
B001292,"Donald S. Beyer, Jr.",8,Democrat,119,House,h-119-2-64,2026-02-11,hr-3617-119,INPUT_COSTS,advance,nay,true,,HUMAN,2026-08-04,https://clerk.house.gov/evs/2026/roll064.xml,
C001118,Ben Cline,6,Republican,119,House,h-119-2-64,2026-02-11,hr-3617-119,INPUT_COSTS,advance,yea,true,,HUMAN,2026-08-04,https://clerk.house.gov/evs/2026/roll064.xml,
G000568,H. Morgan Griffith,9,Republican,119,House,h-119-2-64,2026-02-11,hr-3617-119,INPUT_COSTS,advance,yea,true,,HUMAN,2026-08-04,https://clerk.house.gov/evs/2026/roll064.xml,
K000399,Jennifer A. Kiggans,2,Republican,119,House,h-119-2-64,2026-02-11,hr-3617-119,INPUT_COSTS,advance,yea,true,,HUMAN,2026-08-04,https://clerk.house.gov/evs/2026/roll064.xml,
M001227,Jennifer L. McClellan,4,Democrat,119,House,h-119-2-64,2026-02-11,hr-3617-119,INPUT_COSTS,advance,nay,true,,HUMAN,2026-08-04,https://clerk.house.gov/evs/2026/roll064.xml,
M001239,John J. McGuire III,5,Republican,119,House,h-119-2-64,2026-02-11,hr-3617-119,INPUT_COSTS,advance,yea,true,,HUMAN,2026-08-04,https://clerk.house.gov/evs/2026/roll064.xml,
S000185,"Robert C. ""Bobby"" Scott",3,Democrat,119,House,h-119-2-64,2026-02-11,hr-3617-119,INPUT_COSTS,advance,nay,true,,HUMAN,2026-08-04,https://clerk.house.gov/evs/2026/roll064.xml,
S001230,Suhas Subramanyam,10,Democrat,119,House,h-119-2-64,2026-02-11,hr-3617-119,INPUT_COSTS,advance,nay,true,,HUMAN,2026-08-04,https://clerk.house.gov/evs/2026/roll064.xml,
V000138,Eugene Simon Vindman,7,Democrat,119,House,h-119-2-64,2026-02-11,hr-3617-119,INPUT_COSTS,advance,nay,true,,HUMAN,2026-08-04,https://clerk.house.gov/evs/2026/roll064.xml,
W000804,Robert J. Wittman,1,Republican,119,House,h-119-2-64,2026-02-11,hr-3617-119,INPUT_COSTS,advance,yea,true,,HUMAN,2026-08-04,https://clerk.house.gov/evs/2026/roll064.xml,
W000831,James R. Walkinshaw,11,Democrat,119,House,h-119-2-64,2026-02-11,hr-3617-119,INPUT_COSTS,advance,nay,true,,HUMAN,2026-08-04,https://clerk.house.gov/evs/2026/roll064.xml,
B001292,"Donald S. Beyer, Jr.",8,Democrat,119,House,h-119-1-52,2025-02-26,hjres-35-119,REGULATORY_BURDEN,advance,nay,true,,HUMAN,2026-08-04,https://clerk.house.gov/evs/2025/roll052.xml,
C001118,Ben Cline,6,Republican,119,House,h-119-1-52,2025-02-26,hjres-35-119,REGULATORY_BURDEN,advance,yea,true,,HUMAN,2026-08-04,https://clerk.house.gov/evs/2025/roll052.xml,
G000568,H. Morgan Griffith,9,Republican,119,House,h-119-1-52,2025-02-26,hjres-35-119,REGULATORY_BURDEN,advance,yea,true,,HUMAN,2026-08-04,https://clerk.house.gov/evs/2025/roll052.xml,
K000399,Jennifer A. Kiggans,2,Republican,119,House,h-119-1-52,2025-02-26,hjres-35-119,REGULATORY_BURDEN,advance,yea,true,,HUMAN,2026-08-04,https://clerk.house.gov/evs/2025/roll052.xml,
M001227,Jennifer L. McClellan,4,Democrat,119,House,h-119-1-52,2025-02-26,hjres-35-119,REGULATORY_BURDEN,advance,nay,true,,HUMAN,2026-08-04,https://clerk.house.gov/evs/2025/roll052.xml,
M001239,John J. McGuire III,5,Republican,119,House,h-119-1-52,2025-02-26,hjres-35-119,REGULATORY_BURDEN,advance,yea,true,,HUMAN,2026-08-04,https://clerk.house.gov/evs/2025/roll052.xml,
S000185,"Robert C. ""Bobby"" Scott",3,Democrat,119,House,h-119-1-52,2025-02-26,hjres-35-119,REGULATORY_BURDEN,advance,nay,true,,HUMAN,2026-08-04,https://clerk.house.gov/evs/2025/roll052.xml,
S001230,Suhas Subramanyam,10,Democrat,119,House,h-119-1-52,2025-02-26,hjres-35-119,REGULATORY_BURDEN,advance,nay,true,,HUMAN,2026-08-04,https://clerk.house.gov/evs/2025/roll052.xml,
V000138,Eugene Simon Vindman,7,Democrat,119,House,h-119-1-52,2025-02-26,hjres-35-119,REGULATORY_BURDEN,advance,nay,true,,HUMAN,2026-08-04,https://clerk.house.gov/evs/2025/roll052.xml,
W000804,Robert J. Wittman,1,Republican,119,House,h-119-1-52,2025-02-26,hjres-35-119,REGULATORY_BURDEN,advance,yea,true,,HUMAN,2026-08-04,https://clerk.house.gov/evs/2025/roll052.xml,
B001292,"Donald S. Beyer, Jr.",8,Democrat,119,House,h-119-1-58,2025-03-05,hjres-61-119,REGULATORY_BURDEN,advance,nay,true,,HUMAN,2026-08-04,https://clerk.house.gov/evs/2025/roll058.xml,
C001118,Ben Cline,6,Republican,119,House,h-119-1-58,2025-03-05,hjres-61-119,REGULATORY_BURDEN,advance,yea,true,,HUMAN,2026-08-04,https://clerk.house.gov/evs/2025/roll058.xml,
G000568,H. Morgan Griffith,9,Republican,119,House,h-119-1-58,2025-03-05,hjres-61-119,REGULATORY_BURDEN,advance,yea,true,,HUMAN,2026-08-04,https://clerk.house.gov/evs/2025/roll058.xml,
K000399,Jennifer A. Kiggans,2,Republican,119,House,h-119-1-58,2025-03-05,hjres-61-119,REGULATORY_BURDEN,advance,yea,true,,HUMAN,2026-08-04,https://clerk.house.gov/evs/2025/roll058.xml,
M001227,Jennifer L. McClellan,4,Democrat,119,House,h-119-1-58,2025-03-05,hjres-61-119,REGULATORY_BURDEN,advance,nay,true,,HUMAN,2026-08-04,https://clerk.house.gov/evs/2025/roll058.xml,
M001239,John J. McGuire III,5,Republican,119,House,h-119-1-58,2025-03-05,hjres-61-119,REGULATORY_BURDEN,advance,yea,true,,HUMAN,2026-08-04,https://clerk.house.gov/evs/2025/roll058.xml,
S000185,"Robert C. ""Bobby"" Scott",3,Democrat,119,House,h-119-1-58,2025-03-05,hjres-61-119,REGULATORY_BURDEN,advance,nay,true,,HUMAN,2026-08-04,https://clerk.house.gov/evs/2025/roll058.xml,
S001230,Suhas Subramanyam,10,Democrat,119,House,h-119-1-58,2025-03-05,hjres-61-119,REGULATORY_BURDEN,advance,nay,true,,HUMAN,2026-08-04,https://clerk.house.gov/evs/2025/roll058.xml,
V000138,Eugene Simon Vindman,7,Democrat,119,House,h-119-1-58,2025-03-05,hjres-61-119,REGULATORY_BURDEN,advance,nay,true,,HUMAN,2026-08-04,https://clerk.house.gov/evs/2025/roll058.xml,
W000804,Robert J. Wittman,1,Republican,119,House,h-119-1-58,2025-03-05,hjres-61-119,REGULATORY_BURDEN,advance,not_voting,false,,HUMAN,2026-08-04,https://clerk.house.gov/evs/2025/roll058.xml,
B001292,"Donald S. Beyer, Jr.",8,Democrat,119,House,h-119-1-111,2025-04-30,hjres-87-119,REGULATORY_BURDEN,advance,nay,true,,HUMAN,2026-08-04,https://clerk.house.gov/evs/2025/roll111.xml,
C001118,Ben Cline,6,Republican,119,House,h-119-1-111,2025-04-30,hjres-87-119,REGULATORY_BURDEN,advance,yea,true,,HUMAN,2026-08-04,https://clerk.house.gov/evs/2025/roll111.xml,
G000568,H. Morgan Griffith,9,Republican,119,House,h-119-1-111,2025-04-30,hjres-87-119,REGULATORY_BURDEN,advance,yea,true,,HUMAN,2026-08-04,https://clerk.house.gov/evs/2025/roll111.xml,
K000399,Jennifer A. Kiggans,2,Republican,119,House,h-119-1-111,2025-04-30,hjres-87-119,REGULATORY_BURDEN,advance,yea,true,,HUMAN,2026-08-04,https://clerk.house.gov/evs/2025/roll111.xml,
M001227,Jennifer L. McClellan,4,Democrat,119,House,h-119-1-111,2025-04-30,hjres-87-119,REGULATORY_BURDEN,advance,nay,true,,HUMAN,2026-08-04,https://clerk.house.gov/evs/2025/roll111.xml,
M001239,John J. McGuire III,5,Republican,119,House,h-119-1-111,2025-04-30,hjres-87-119,REGULATORY_BURDEN,advance,yea,true,,HUMAN,2026-08-04,https://clerk.house.gov/evs/2025/roll111.xml,
S000185,"Robert C. ""Bobby"" Scott",3,Democrat,119,House,h-119-1-111,2025-04-30,hjres-87-119,REGULATORY_BURDEN,advance,nay,true,,HUMAN,2026-08-04,https://clerk.house.gov/evs/2025/roll111.xml,
S001230,Suhas Subramanyam,10,Democrat,119,House,h-119-1-111,2025-04-30,hjres-87-119,REGULATORY_BURDEN,advance,nay,true,,HUMAN,2026-08-04,https://clerk.house.gov/evs/2025/roll111.xml,
V000138,Eugene Simon Vindman,7,Democrat,119,House,h-119-1-111,2025-04-30,hjres-87-119,REGULATORY_BURDEN,advance,nay,true,,HUMAN,2026-08-04,https://clerk.house.gov/evs/2025/roll111.xml,
W000804,Robert J. Wittman,1,Republican,119,House,h-119-1-111,2025-04-30,hjres-87-119,REGULATORY_BURDEN,advance,yea,true,,HUMAN,2026-08-04,https://clerk.house.gov/evs/2025/roll111.xml,
B001292,"Donald S. Beyer, Jr.",8,Democrat,119,House,h-119-1-112,2025-04-30,hjres-89-119,REGULATORY_BURDEN,advance,nay,true,,HUMAN,2026-08-04,https://clerk.house.gov/evs/2025/roll112.xml,
C001118,Ben Cline,6,Republican,119,House,h-119-1-112,2025-04-30,hjres-89-119,REGULATORY_BURDEN,advance,yea,true,,HUMAN,2026-08-04,https://clerk.house.gov/evs/2025/roll112.xml,
G000568,H. Morgan Griffith,9,Republican,119,House,h-119-1-112,2025-04-30,hjres-89-119,REGULATORY_BURDEN,advance,yea,true,,HUMAN,2026-08-04,https://clerk.house.gov/evs/2025/roll112.xml,
K000399,Jennifer A. Kiggans,2,Republican,119,House,h-119-1-112,2025-04-30,hjres-89-119,REGULATORY_BURDEN,advance,yea,true,,HUMAN,2026-08-04,https://clerk.house.gov/evs/2025/roll112.xml,
M001227,Jennifer L. McClellan,4,Democrat,119,House,h-119-1-112,2025-04-30,hjres-89-119,REGULATORY_BURDEN,advance,nay,true,,HUMAN,2026-08-04,https://clerk.house.gov/evs/2025/roll112.xml,
M001239,John J. McGuire III,5,Republican,119,House,h-119-1-112,2025-04-30,hjres-89-119,REGULATORY_BURDEN,advance,yea,true,,HUMAN,2026-08-04,https://clerk.house.gov/evs/2025/roll112.xml,
S000185,"Robert C. ""Bobby"" Scott",3,Democrat,119,House,h-119-1-112,2025-04-30,hjres-89-119,REGULATORY_BURDEN,advance,nay,true,,HUMAN,2026-08-04,https://clerk.house.gov/evs/2025/roll112.xml,
S001230,Suhas Subramanyam,10,Democrat,119,House,h-119-1-112,2025-04-30,hjres-89-119,REGULATORY_BURDEN,advance,nay,true,,HUMAN,2026-08-04,https://clerk.house.gov/evs/2025/roll112.xml,
V000138,Eugene Simon Vindman,7,Democrat,119,House,h-119-1-112,2025-04-30,hjres-89-119,REGULATORY_BURDEN,advance,nay,true,,HUMAN,2026-08-04,https://clerk.house.gov/evs/2025/roll112.xml,
W000804,Robert J. Wittman,1,Republican,119,House,h-119-1-112,2025-04-30,hjres-89-119,REGULATORY_BURDEN,advance,yea,true,,HUMAN,2026-08-04,https://clerk.house.gov/evs/2025/roll112.xml,
B001292,"Donald S. Beyer, Jr.",8,Democrat,119,House,h-119-1-114,2025-05-01,hjres-88-119,REGULATORY_BURDEN,advance,nay,true,,HUMAN,2026-08-04,https://clerk.house.gov/evs/2025/roll114.xml,
C001118,Ben Cline,6,Republican,119,House,h-119-1-114,2025-05-01,hjres-88-119,REGULATORY_BURDEN,advance,yea,true,,HUMAN,2026-08-04,https://clerk.house.gov/evs/2025/roll114.xml,
G000568,H. Morgan Griffith,9,Republican,119,House,h-119-1-114,2025-05-01,hjres-88-119,REGULATORY_BURDEN,advance,yea,true,,HUMAN,2026-08-04,https://clerk.house.gov/evs/2025/roll114.xml,
K000399,Jennifer A. Kiggans,2,Republican,119,House,h-119-1-114,2025-05-01,hjres-88-119,REGULATORY_BURDEN,advance,yea,true,,HUMAN,2026-08-04,https://clerk.house.gov/evs/2025/roll114.xml,
M001227,Jennifer L. McClellan,4,Democrat,119,House,h-119-1-114,2025-05-01,hjres-88-119,REGULATORY_BURDEN,advance,nay,true,,HUMAN,2026-08-04,https://clerk.house.gov/evs/2025/roll114.xml,
M001239,John J. McGuire III,5,Republican,119,House,h-119-1-114,2025-05-01,hjres-88-119,REGULATORY_BURDEN,advance,yea,true,,HUMAN,2026-08-04,https://clerk.house.gov/evs/2025/roll114.xml,
S000185,"Robert C. ""Bobby"" Scott",3,Democrat,119,House,h-119-1-114,2025-05-01,hjres-88-119,REGULATORY_BURDEN,advance,nay,true,,HUMAN,2026-08-04,https://clerk.house.gov/evs/2025/roll114.xml,
S001230,Suhas Subramanyam,10,Democrat,119,House,h-119-1-114,2025-05-01,hjres-88-119,REGULATORY_BURDEN,advance,nay,true,,HUMAN,2026-08-04,https://clerk.house.gov/evs/2025/roll114.xml,
V000138,Eugene Simon Vindman,7,Democrat,119,House,h-119-1-114,2025-05-01,hjres-88-119,REGULATORY_BURDEN,advance,yea,true,,HUMAN,2026-08-04,https://clerk.house.gov/evs/2025/roll114.xml,
W000804,Robert J. Wittman,1,Republican,119,House,h-119-1-114,2025-05-01,hjres-88-119,REGULATORY_BURDEN,advance,yea,true,,HUMAN,2026-08-04,https://clerk.house.gov/evs/2025/roll114.xml,
B001292,"Donald S. Beyer, Jr.",8,Democrat,119,House,h-119-1-143,2025-05-22,sjres-31-119,REGULATORY_BURDEN,advance,nay,true,,HUMAN,2026-08-04,https://clerk.house.gov/evs/2025/roll143.xml,
C001118,Ben Cline,6,Republican,119,House,h-119-1-143,2025-05-22,sjres-31-119,REGULATORY_BURDEN,advance,yea,true,,HUMAN,2026-08-04,https://clerk.house.gov/evs/2025/roll143.xml,
G000568,H. Morgan Griffith,9,Republican,119,House,h-119-1-143,2025-05-22,sjres-31-119,REGULATORY_BURDEN,advance,yea,true,,HUMAN,2026-08-04,https://clerk.house.gov/evs/2025/roll143.xml,
K000399,Jennifer A. Kiggans,2,Republican,119,House,h-119-1-143,2025-05-22,sjres-31-119,REGULATORY_BURDEN,advance,yea,true,,HUMAN,2026-08-04,https://clerk.house.gov/evs/2025/roll143.xml,
M001227,Jennifer L. McClellan,4,Democrat,119,House,h-119-1-143,2025-05-22,sjres-31-119,REGULATORY_BURDEN,advance,nay,true,,HUMAN,2026-08-04,https://clerk.house.gov/evs/2025/roll143.xml,
M001239,John J. McGuire III,5,Republican,119,House,h-119-1-143,2025-05-22,sjres-31-119,REGULATORY_BURDEN,advance,yea,true,,HUMAN,2026-08-04,https://clerk.house.gov/evs/2025/roll143.xml,
S000185,"Robert C. ""Bobby"" Scott",3,Democrat,119,House,h-119-1-143,2025-05-22,sjres-31-119,REGULATORY_BURDEN,advance,nay,true,,HUMAN,2026-08-04,https://clerk.house.gov/evs/2025/roll143.xml,
S001230,Suhas Subramanyam,10,Democrat,119,House,h-119-1-143,2025-05-22,sjres-31-119,REGULATORY_BURDEN,advance,nay,true,,HUMAN,2026-08-04,https://clerk.house.gov/evs/2025/roll143.xml,
V000138,Eugene Simon Vindman,7,Democrat,119,House,h-119-1-143,2025-05-22,sjres-31-119,REGULATORY_BURDEN,advance,nay,true,,HUMAN,2026-08-04,https://clerk.house.gov/evs/2025/roll143.xml,
W000804,Robert J. Wittman,1,Republican,119,House,h-119-1-143,2025-05-22,sjres-31-119,REGULATORY_BURDEN,advance,yea,true,,HUMAN,2026-08-04,https://clerk.house.gov/evs/2025/roll143.xml,
B001292,"Donald S. Beyer, Jr.",8,Democrat,119,House,h-119-1-330,2025-12-11,hr-3898-119,REGULATORY_BURDEN,advance,nay,true,,HUMAN,2026-08-04,https://clerk.house.gov/evs/2025/roll330.xml,
C001118,Ben Cline,6,Republican,119,House,h-119-1-330,2025-12-11,hr-3898-119,REGULATORY_BURDEN,advance,yea,true,,HUMAN,2026-08-04,https://clerk.house.gov/evs/2025/roll330.xml,
G000568,H. Morgan Griffith,9,Republican,119,House,h-119-1-330,2025-12-11,hr-3898-119,REGULATORY_BURDEN,advance,yea,true,,HUMAN,2026-08-04,https://clerk.house.gov/evs/2025/roll330.xml,
K000399,Jennifer A. Kiggans,2,Republican,119,House,h-119-1-330,2025-12-11,hr-3898-119,REGULATORY_BURDEN,advance,yea,true,,HUMAN,2026-08-04,https://clerk.house.gov/evs/2025/roll330.xml,
M001227,Jennifer L. McClellan,4,Democrat,119,House,h-119-1-330,2025-12-11,hr-3898-119,REGULATORY_BURDEN,advance,nay,true,,HUMAN,2026-08-04,https://clerk.house.gov/evs/2025/roll330.xml,
M001239,John J. McGuire III,5,Republican,119,House,h-119-1-330,2025-12-11,hr-3898-119,REGULATORY_BURDEN,advance,yea,true,,HUMAN,2026-08-04,https://clerk.house.gov/evs/2025/roll330.xml,
S000185,"Robert C. ""Bobby"" Scott",3,Democrat,119,House,h-119-1-330,2025-12-11,hr-3898-119,REGULATORY_BURDEN,advance,nay,true,,HUMAN,2026-08-04,https://clerk.house.gov/evs/2025/roll330.xml,
S001230,Suhas Subramanyam,10,Democrat,119,House,h-119-1-330,2025-12-11,hr-3898-119,REGULATORY_BURDEN,advance,nay,true,,HUMAN,2026-08-04,https://clerk.house.gov/evs/2025/roll330.xml,
V000138,Eugene Simon Vindman,7,Democrat,119,House,h-119-1-330,2025-12-11,hr-3898-119,REGULATORY_BURDEN,advance,nay,true,,HUMAN,2026-08-04,https://clerk.house.gov/evs/2025/roll330.xml,
W000804,Robert J. Wittman,1,Republican,119,House,h-119-1-330,2025-12-11,hr-3898-119,REGULATORY_BURDEN,advance,yea,true,,HUMAN,2026-08-04,https://clerk.house.gov/evs/2025/roll330.xml,
W000831,James R. Walkinshaw,11,Democrat,119,House,h-119-1-330,2025-12-11,hr-3898-119,REGULATORY_BURDEN,advance,nay,true,,HUMAN,2026-08-04,https://clerk.house.gov/evs/2025/roll330.xml,
B001292,"Donald S. Beyer, Jr.",8,Democrat,119,House,h-119-1-356,2025-12-18,hr-4776-119,REGULATORY_BURDEN,advance,nay,true,,HUMAN,2026-08-04,https://clerk.house.gov/evs/2025/roll356.xml,
C001118,Ben Cline,6,Republican,119,House,h-119-1-356,2025-12-18,hr-4776-119,REGULATORY_BURDEN,advance,yea,true,,HUMAN,2026-08-04,https://clerk.house.gov/evs/2025/roll356.xml,
G000568,H. Morgan Griffith,9,Republican,119,House,h-119-1-356,2025-12-18,hr-4776-119,REGULATORY_BURDEN,advance,yea,true,,HUMAN,2026-08-04,https://clerk.house.gov/evs/2025/roll356.xml,
K000399,Jennifer A. Kiggans,2,Republican,119,House,h-119-1-356,2025-12-18,hr-4776-119,REGULATORY_BURDEN,advance,yea,true,,HUMAN,2026-08-04,https://clerk.house.gov/evs/2025/roll356.xml,
M001227,Jennifer L. McClellan,4,Democrat,119,House,h-119-1-356,2025-12-18,hr-4776-119,REGULATORY_BURDEN,advance,nay,true,,HUMAN,2026-08-04,https://clerk.house.gov/evs/2025/roll356.xml,
M001239,John J. McGuire III,5,Republican,119,House,h-119-1-356,2025-12-18,hr-4776-119,REGULATORY_BURDEN,advance,yea,true,,HUMAN,2026-08-04,https://clerk.house.gov/evs/2025/roll356.xml,
S000185,"Robert C. ""Bobby"" Scott",3,Democrat,119,House,h-119-1-356,2025-12-18,hr-4776-119,REGULATORY_BURDEN,advance,nay,true,,HUMAN,2026-08-04,https://clerk.house.gov/evs/2025/roll356.xml,
S001230,Suhas Subramanyam,10,Democrat,119,House,h-119-1-356,2025-12-18,hr-4776-119,REGULATORY_BURDEN,advance,nay,true,,HUMAN,2026-08-04,https://clerk.house.gov/evs/2025/roll356.xml,
V000138,Eugene Simon Vindman,7,Democrat,119,House,h-119-1-356,2025-12-18,hr-4776-119,REGULATORY_BURDEN,advance,nay,true,,HUMAN,2026-08-04,https://clerk.house.gov/evs/2025/roll356.xml,
W000804,Robert J. Wittman,1,Republican,119,House,h-119-1-356,2025-12-18,hr-4776-119,REGULATORY_BURDEN,advance,yea,true,,HUMAN,2026-08-04,https://clerk.house.gov/evs/2025/roll356.xml,
W000831,James R. Walkinshaw,11,Democrat,119,House,h-119-1-356,2025-12-18,hr-4776-119,REGULATORY_BURDEN,advance,nay,true,,HUMAN,2026-08-04,https://clerk.house.gov/evs/2025/roll356.xml,
B001292,"Donald S. Beyer, Jr.",8,Democrat,119,House,h-119-1-358,2025-12-18,hr-1366-119,REGULATORY_BURDEN,advance,nay,true,,HUMAN,2026-08-04,https://clerk.house.gov/evs/2025/roll358.xml,
C001118,Ben Cline,6,Republican,119,House,h-119-1-358,2025-12-18,hr-1366-119,REGULATORY_BURDEN,advance,yea,true,,HUMAN,2026-08-04,https://clerk.house.gov/evs/2025/roll358.xml,
G000568,H. Morgan Griffith,9,Republican,119,House,h-119-1-358,2025-12-18,hr-1366-119,REGULATORY_BURDEN,advance,yea,true,,HUMAN,2026-08-04,https://clerk.house.gov/evs/2025/roll358.xml,
K000399,Jennifer A. Kiggans,2,Republican,119,House,h-119-1-358,2025-12-18,hr-1366-119,REGULATORY_BURDEN,advance,yea,true,,HUMAN,2026-08-04,https://clerk.house.gov/evs/2025/roll358.xml,
M001227,Jennifer L. McClellan,4,Democrat,119,House,h-119-1-358,2025-12-18,hr-1366-119,REGULATORY_BURDEN,advance,nay,true,,HUMAN,2026-08-04,https://clerk.house.gov/evs/2025/roll358.xml,
M001239,John J. McGuire III,5,Republican,119,House,h-119-1-358,2025-12-18,hr-1366-119,REGULATORY_BURDEN,advance,yea,true,,HUMAN,2026-08-04,https://clerk.house.gov/evs/2025/roll358.xml,
S000185,"Robert C. ""Bobby"" Scott",3,Democrat,119,House,h-119-1-358,2025-12-18,hr-1366-119,REGULATORY_BURDEN,advance,nay,true,,HUMAN,2026-08-04,https://clerk.house.gov/evs/2025/roll358.xml,
S001230,Suhas Subramanyam,10,Democrat,119,House,h-119-1-358,2025-12-18,hr-1366-119,REGULATORY_BURDEN,advance,nay,true,,HUMAN,2026-08-04,https://clerk.house.gov/evs/2025/roll358.xml,
V000138,Eugene Simon Vindman,7,Democrat,119,House,h-119-1-358,2025-12-18,hr-1366-119,REGULATORY_BURDEN,advance,yea,true,,HUMAN,2026-08-04,https://clerk.house.gov/evs/2025/roll358.xml,
W000804,Robert J. Wittman,1,Republican,119,House,h-119-1-358,2025-12-18,hr-1366-119,REGULATORY_BURDEN,advance,yea,true,,HUMAN,2026-08-04,https://clerk.house.gov/evs/2025/roll358.xml,
W000831,James R. Walkinshaw,11,Democrat,119,House,h-119-1-358,2025-12-18,hr-1366-119,REGULATORY_BURDEN,advance,nay,true,,HUMAN,2026-08-04,https://clerk.house.gov/evs/2025/roll358.xml,
B001292,"Donald S. Beyer, Jr.",8,Democrat,119,House,h-119-2-116,2026-04-16,hr-6409-119,REGULATORY_BURDEN,advance,nay,true,,HUMAN,2026-08-04,https://clerk.house.gov/evs/2026/roll116.xml,
C001118,Ben Cline,6,Republican,119,House,h-119-2-116,2026-04-16,hr-6409-119,REGULATORY_BURDEN,advance,yea,true,,HUMAN,2026-08-04,https://clerk.house.gov/evs/2026/roll116.xml,
G000568,H. Morgan Griffith,9,Republican,119,House,h-119-2-116,2026-04-16,hr-6409-119,REGULATORY_BURDEN,advance,yea,true,,HUMAN,2026-08-04,https://clerk.house.gov/evs/2026/roll116.xml,
K000399,Jennifer A. Kiggans,2,Republican,119,House,h-119-2-116,2026-04-16,hr-6409-119,REGULATORY_BURDEN,advance,yea,true,,HUMAN,2026-08-04,https://clerk.house.gov/evs/2026/roll116.xml,
M001227,Jennifer L. McClellan,4,Democrat,119,House,h-119-2-116,2026-04-16,hr-6409-119,REGULATORY_BURDEN,advance,nay,true,,HUMAN,2026-08-04,https://clerk.house.gov/evs/2026/roll116.xml,
M001239,John J. McGuire III,5,Republican,119,House,h-119-2-116,2026-04-16,hr-6409-119,REGULATORY_BURDEN,advance,yea,true,,HUMAN,2026-08-04,https://clerk.house.gov/evs/2026/roll116.xml,
S000185,"Robert C. ""Bobby"" Scott",3,Democrat,119,House,h-119-2-116,2026-04-16,hr-6409-119,REGULATORY_BURDEN,advance,nay,true,,HUMAN,2026-08-04,https://clerk.house.gov/evs/2026/roll116.xml,
S001230,Suhas Subramanyam,10,Democrat,119,House,h-119-2-116,2026-04-16,hr-6409-119,REGULATORY_BURDEN,advance,nay,true,,HUMAN,2026-08-04,https://clerk.house.gov/evs/2026/roll116.xml,
V000138,Eugene Simon Vindman,7,Democrat,119,House,h-119-2-116,2026-04-16,hr-6409-119,REGULATORY_BURDEN,advance,nay,true,,HUMAN,2026-08-04,https://clerk.house.gov/evs/2026/roll116.xml,
W000804,Robert J. Wittman,1,Republican,119,House,h-119-2-116,2026-04-16,hr-6409-119,REGULATORY_BURDEN,advance,yea,true,,HUMAN,2026-08-04,https://clerk.house.gov/evs/2026/roll116.xml,
W000831,James R. Walkinshaw,11,Democrat,119,House,h-119-2-116,2026-04-16,hr-6409-119,REGULATORY_BURDEN,advance,nay,true,,HUMAN,2026-08-04,https://clerk.house.gov/evs/2026/roll116.xml,
B001292,"Donald S. Beyer, Jr.",8,Democrat,119,House,h-119-2-118,2026-04-16,hr-6398-119,REGULATORY_BURDEN,advance,nay,true,,HUMAN,2026-08-04,https://clerk.house.gov/evs/2026/roll118.xml,
C001118,Ben Cline,6,Republican,119,House,h-119-2-118,2026-04-16,hr-6398-119,REGULATORY_BURDEN,advance,yea,true,,HUMAN,2026-08-04,https://clerk.house.gov/evs/2026/roll118.xml,
G000568,H. Morgan Griffith,9,Republican,119,House,h-119-2-118,2026-04-16,hr-6398-119,REGULATORY_BURDEN,advance,yea,true,,HUMAN,2026-08-04,https://clerk.house.gov/evs/2026/roll118.xml,
K000399,Jennifer A. Kiggans,2,Republican,119,House,h-119-2-118,2026-04-16,hr-6398-119,REGULATORY_BURDEN,advance,yea,true,,HUMAN,2026-08-04,https://clerk.house.gov/evs/2026/roll118.xml,
M001227,Jennifer L. McClellan,4,Democrat,119,House,h-119-2-118,2026-04-16,hr-6398-119,REGULATORY_BURDEN,advance,nay,true,,HUMAN,2026-08-04,https://clerk.house.gov/evs/2026/roll118.xml,
M001239,John J. McGuire III,5,Republican,119,House,h-119-2-118,2026-04-16,hr-6398-119,REGULATORY_BURDEN,advance,yea,true,,HUMAN,2026-08-04,https://clerk.house.gov/evs/2026/roll118.xml,
S000185,"Robert C. ""Bobby"" Scott",3,Democrat,119,House,h-119-2-118,2026-04-16,hr-6398-119,REGULATORY_BURDEN,advance,nay,true,,HUMAN,2026-08-04,https://clerk.house.gov/evs/2026/roll118.xml,
S001230,Suhas Subramanyam,10,Democrat,119,House,h-119-2-118,2026-04-16,hr-6398-119,REGULATORY_BURDEN,advance,nay,true,,HUMAN,2026-08-04,https://clerk.house.gov/evs/2026/roll118.xml,
V000138,Eugene Simon Vindman,7,Democrat,119,House,h-119-2-118,2026-04-16,hr-6398-119,REGULATORY_BURDEN,advance,nay,true,,HUMAN,2026-08-04,https://clerk.house.gov/evs/2026/roll118.xml,
W000804,Robert J. Wittman,1,Republican,119,House,h-119-2-118,2026-04-16,hr-6398-119,REGULATORY_BURDEN,advance,yea,true,,HUMAN,2026-08-04,https://clerk.house.gov/evs/2026/roll118.xml,
W000831,James R. Walkinshaw,11,Democrat,119,House,h-119-2-118,2026-04-16,hr-6398-119,REGULATORY_BURDEN,advance,nay,true,,HUMAN,2026-08-04,https://clerk.house.gov/evs/2026/roll118.xml,
B001292,"Donald S. Beyer, Jr.",8,Democrat,119,House,h-119-2-136,2026-04-22,hr-6387-119,REGULATORY_BURDEN,advance,nay,true,,HUMAN,2026-08-04,https://clerk.house.gov/evs/2026/roll136.xml,
C001118,Ben Cline,6,Republican,119,House,h-119-2-136,2026-04-22,hr-6387-119,REGULATORY_BURDEN,advance,yea,true,,HUMAN,2026-08-04,https://clerk.house.gov/evs/2026/roll136.xml,
G000568,H. Morgan Griffith,9,Republican,119,House,h-119-2-136,2026-04-22,hr-6387-119,REGULATORY_BURDEN,advance,yea,true,,HUMAN,2026-08-04,https://clerk.house.gov/evs/2026/roll136.xml,
K000399,Jennifer A. Kiggans,2,Republican,119,House,h-119-2-136,2026-04-22,hr-6387-119,REGULATORY_BURDEN,advance,yea,true,,HUMAN,2026-08-04,https://clerk.house.gov/evs/2026/roll136.xml,
M001227,Jennifer L. McClellan,4,Democrat,119,House,h-119-2-136,2026-04-22,hr-6387-119,REGULATORY_BURDEN,advance,nay,true,,HUMAN,2026-08-04,https://clerk.house.gov/evs/2026/roll136.xml,
M001239,John J. McGuire III,5,Republican,119,House,h-119-2-136,2026-04-22,hr-6387-119,REGULATORY_BURDEN,advance,yea,true,,HUMAN,2026-08-04,https://clerk.house.gov/evs/2026/roll136.xml,
S000185,"Robert C. ""Bobby"" Scott",3,Democrat,119,House,h-119-2-136,2026-04-22,hr-6387-119,REGULATORY_BURDEN,advance,nay,true,,HUMAN,2026-08-04,https://clerk.house.gov/evs/2026/roll136.xml,
S001230,Suhas Subramanyam,10,Democrat,119,House,h-119-2-136,2026-04-22,hr-6387-119,REGULATORY_BURDEN,advance,nay,true,,HUMAN,2026-08-04,https://clerk.house.gov/evs/2026/roll136.xml,
V000138,Eugene Simon Vindman,7,Democrat,119,House,h-119-2-136,2026-04-22,hr-6387-119,REGULATORY_BURDEN,advance,nay,true,,HUMAN,2026-08-04,https://clerk.house.gov/evs/2026/roll136.xml,
W000804,Robert J. Wittman,1,Republican,119,House,h-119-2-136,2026-04-22,hr-6387-119,REGULATORY_BURDEN,advance,yea,true,,HUMAN,2026-08-04,https://clerk.house.gov/evs/2026/roll136.xml,
W000831,James R. Walkinshaw,11,Democrat,119,House,h-119-2-136,2026-04-22,hr-6387-119,REGULATORY_BURDEN,advance,nay,true,,HUMAN,2026-08-04,https://clerk.house.gov/evs/2026/roll136.xml,
B001292,"Donald S. Beyer, Jr.",8,Democrat,119,House,h-119-2-164,2026-05-13,hr-1346-119,REGULATORY_BURDEN,advance,nay,true,,HUMAN,2026-08-04,https://clerk.house.gov/evs/2026/roll164.xml,
C001118,Ben Cline,6,Republican,119,House,h-119-2-164,2026-05-13,hr-1346-119,REGULATORY_BURDEN,advance,nay,true,,HUMAN,2026-08-04,https://clerk.house.gov/evs/2026/roll164.xml,
G000568,H. Morgan Griffith,9,Republican,119,House,h-119-2-164,2026-05-13,hr-1346-119,REGULATORY_BURDEN,advance,nay,true,,HUMAN,2026-08-04,https://clerk.house.gov/evs/2026/roll164.xml,
K000399,Jennifer A. Kiggans,2,Republican,119,House,h-119-2-164,2026-05-13,hr-1346-119,REGULATORY_BURDEN,advance,yea,true,,HUMAN,2026-08-04,https://clerk.house.gov/evs/2026/roll164.xml,
M001227,Jennifer L. McClellan,4,Democrat,119,House,h-119-2-164,2026-05-13,hr-1346-119,REGULATORY_BURDEN,advance,yea,true,,HUMAN,2026-08-04,https://clerk.house.gov/evs/2026/roll164.xml,
M001239,John J. McGuire III,5,Republican,119,House,h-119-2-164,2026-05-13,hr-1346-119,REGULATORY_BURDEN,advance,nay,true,,HUMAN,2026-08-04,https://clerk.house.gov/evs/2026/roll164.xml,
S000185,"Robert C. ""Bobby"" Scott",3,Democrat,119,House,h-119-2-164,2026-05-13,hr-1346-119,REGULATORY_BURDEN,advance,yea,true,,HUMAN,2026-08-04,https://clerk.house.gov/evs/2026/roll164.xml,
S001230,Suhas Subramanyam,10,Democrat,119,House,h-119-2-164,2026-05-13,hr-1346-119,REGULATORY_BURDEN,advance,nay,true,,HUMAN,2026-08-04,https://clerk.house.gov/evs/2026/roll164.xml,
V000138,Eugene Simon Vindman,7,Democrat,119,House,h-119-2-164,2026-05-13,hr-1346-119,REGULATORY_BURDEN,advance,yea,true,,HUMAN,2026-08-04,https://clerk.house.gov/evs/2026/roll164.xml,
W000804,Robert J. Wittman,1,Republican,119,House,h-119-2-164,2026-05-13,hr-1346-119,REGULATORY_BURDEN,advance,yea,true,,HUMAN,2026-08-04,https://clerk.house.gov/evs/2026/roll164.xml,
W000831,James R. Walkinshaw,11,Democrat,119,House,h-119-2-164,2026-05-13,hr-1346-119,REGULATORY_BURDEN,advance,nay,true,,HUMAN,2026-08-04,https://clerk.house.gov/evs/2026/roll164.xml,
B001292,"Donald S. Beyer, Jr.",8,Democrat,119,House,h-119-1-15,2025-01-15,hr-33-119,TAX_BURDEN,advance,yea,true,,HUMAN,2026-08-04,https://clerk.house.gov/evs/2025/roll015.xml,
C001118,Ben Cline,6,Republican,119,House,h-119-1-15,2025-01-15,hr-33-119,TAX_BURDEN,advance,yea,true,,HUMAN,2026-08-04,https://clerk.house.gov/evs/2025/roll015.xml,
G000568,H. Morgan Griffith,9,Republican,119,House,h-119-1-15,2025-01-15,hr-33-119,TAX_BURDEN,advance,yea,true,,HUMAN,2026-08-04,https://clerk.house.gov/evs/2025/roll015.xml,
K000399,Jennifer A. Kiggans,2,Republican,119,House,h-119-1-15,2025-01-15,hr-33-119,TAX_BURDEN,advance,yea,true,,HUMAN,2026-08-04,https://clerk.house.gov/evs/2025/roll015.xml,
M001227,Jennifer L. McClellan,4,Democrat,119,House,h-119-1-15,2025-01-15,hr-33-119,TAX_BURDEN,advance,yea,true,,HUMAN,2026-08-04,https://clerk.house.gov/evs/2025/roll015.xml,
M001239,John J. McGuire III,5,Republican,119,House,h-119-1-15,2025-01-15,hr-33-119,TAX_BURDEN,advance,yea,true,,HUMAN,2026-08-04,https://clerk.house.gov/evs/2025/roll015.xml,
S000185,"Robert C. ""Bobby"" Scott",3,Democrat,119,House,h-119-1-15,2025-01-15,hr-33-119,TAX_BURDEN,advance,yea,true,,HUMAN,2026-08-04,https://clerk.house.gov/evs/2025/roll015.xml,
S001230,Suhas Subramanyam,10,Democrat,119,House,h-119-1-15,2025-01-15,hr-33-119,TAX_BURDEN,advance,yea,true,,HUMAN,2026-08-04,https://clerk.house.gov/evs/2025/roll015.xml,
V000138,Eugene Simon Vindman,7,Democrat,119,House,h-119-1-15,2025-01-15,hr-33-119,TAX_BURDEN,advance,yea,true,,HUMAN,2026-08-04,https://clerk.house.gov/evs/2025/roll015.xml,
W000804,Robert J. Wittman,1,Republican,119,House,h-119-1-15,2025-01-15,hr-33-119,TAX_BURDEN,advance,yea,true,,HUMAN,2026-08-04,https://clerk.house.gov/evs/2025/roll015.xml,
B001292,"Donald S. Beyer, Jr.",8,Democrat,119,House,h-119-1-71,2025-03-11,hjres-25-119,TAX_BURDEN,advance,nay,true,,HUMAN,2026-08-04,https://clerk.house.gov/evs/2025/roll071.xml,
C001118,Ben Cline,6,Republican,119,House,h-119-1-71,2025-03-11,hjres-25-119,TAX_BURDEN,advance,yea,true,,HUMAN,2026-08-04,https://clerk.house.gov/evs/2025/roll071.xml,
G000568,H. Morgan Griffith,9,Republican,119,House,h-119-1-71,2025-03-11,hjres-25-119,TAX_BURDEN,advance,yea,true,,HUMAN,2026-08-04,https://clerk.house.gov/evs/2025/roll071.xml,
K000399,Jennifer A. Kiggans,2,Republican,119,House,h-119-1-71,2025-03-11,hjres-25-119,TAX_BURDEN,advance,yea,true,,HUMAN,2026-08-04,https://clerk.house.gov/evs/2025/roll071.xml,
M001227,Jennifer L. McClellan,4,Democrat,119,House,h-119-1-71,2025-03-11,hjres-25-119,TAX_BURDEN,advance,nay,true,,HUMAN,2026-08-04,https://clerk.house.gov/evs/2025/roll071.xml,
M001239,John J. McGuire III,5,Republican,119,House,h-119-1-71,2025-03-11,hjres-25-119,TAX_BURDEN,advance,yea,true,,HUMAN,2026-08-04,https://clerk.house.gov/evs/2025/roll071.xml,
S000185,"Robert C. ""Bobby"" Scott",3,Democrat,119,House,h-119-1-71,2025-03-11,hjres-25-119,TAX_BURDEN,advance,nay,true,,HUMAN,2026-08-04,https://clerk.house.gov/evs/2025/roll071.xml,
S001230,Suhas Subramanyam,10,Democrat,119,House,h-119-1-71,2025-03-11,hjres-25-119,TAX_BURDEN,advance,yea,true,,HUMAN,2026-08-04,https://clerk.house.gov/evs/2025/roll071.xml,
V000138,Eugene Simon Vindman,7,Democrat,119,House,h-119-1-71,2025-03-11,hjres-25-119,TAX_BURDEN,advance,yea,true,,HUMAN,2026-08-04,https://clerk.house.gov/evs/2025/roll071.xml,
W000804,Robert J. Wittman,1,Republican,119,House,h-119-1-71,2025-03-11,hjres-25-119,TAX_BURDEN,advance,yea,true,,HUMAN,2026-08-04,https://clerk.house.gov/evs/2025/roll071.xml,
B001292,"Donald S. Beyer, Jr.",8,Democrat,119,House,h-119-2-19,2026-01-13,hr-2262-119,WORKFORCE,advance,nay,true,,HUMAN,2026-08-04,https://clerk.house.gov/evs/2026/roll019.xml,
C001118,Ben Cline,6,Republican,119,House,h-119-2-19,2026-01-13,hr-2262-119,WORKFORCE,advance,yea,true,,HUMAN,2026-08-04,https://clerk.house.gov/evs/2026/roll019.xml,
G000568,H. Morgan Griffith,9,Republican,119,House,h-119-2-19,2026-01-13,hr-2262-119,WORKFORCE,advance,yea,true,,HUMAN,2026-08-04,https://clerk.house.gov/evs/2026/roll019.xml,
K000399,Jennifer A. Kiggans,2,Republican,119,House,h-119-2-19,2026-01-13,hr-2262-119,WORKFORCE,advance,yea,true,,HUMAN,2026-08-04,https://clerk.house.gov/evs/2026/roll019.xml,
M001227,Jennifer L. McClellan,4,Democrat,119,House,h-119-2-19,2026-01-13,hr-2262-119,WORKFORCE,advance,nay,true,,HUMAN,2026-08-04,https://clerk.house.gov/evs/2026/roll019.xml,
M001239,John J. McGuire III,5,Republican,119,House,h-119-2-19,2026-01-13,hr-2262-119,WORKFORCE,advance,yea,true,,HUMAN,2026-08-04,https://clerk.house.gov/evs/2026/roll019.xml,
S000185,"Robert C. ""Bobby"" Scott",3,Democrat,119,House,h-119-2-19,2026-01-13,hr-2262-119,WORKFORCE,advance,nay,true,,HUMAN,2026-08-04,https://clerk.house.gov/evs/2026/roll019.xml,
S001230,Suhas Subramanyam,10,Democrat,119,House,h-119-2-19,2026-01-13,hr-2262-119,WORKFORCE,advance,nay,true,,HUMAN,2026-08-04,https://clerk.house.gov/evs/2026/roll019.xml,
V000138,Eugene Simon Vindman,7,Democrat,119,House,h-119-2-19,2026-01-13,hr-2262-119,WORKFORCE,advance,nay,true,,HUMAN,2026-08-04,https://clerk.house.gov/evs/2026/roll019.xml,
W000804,Robert J. Wittman,1,Republican,119,House,h-119-2-19,2026-01-13,hr-2262-119,WORKFORCE,advance,yea,true,,HUMAN,2026-08-04,https://clerk.house.gov/evs/2026/roll019.xml,
W000831,James R. Walkinshaw,11,Democrat,119,House,h-119-2-19,2026-01-13,hr-2262-119,WORKFORCE,advance,nay,true,,HUMAN,2026-08-04,https://clerk.house.gov/evs/2026/roll019.xml,
B001292,"Donald S. Beyer, Jr.",8,Democrat,119,House,h-119-2-216,2026-06-09,hr-5408-119,WORKFORCE,oppose,yea,true,,HUMAN,2026-08-04,https://clerk.house.gov/evs/2026/roll216.xml,
C001118,Ben Cline,6,Republican,119,House,h-119-2-216,2026-06-09,hr-5408-119,WORKFORCE,oppose,nay,true,,HUMAN,2026-08-04,https://clerk.house.gov/evs/2026/roll216.xml,
G000568,H. Morgan Griffith,9,Republican,119,House,h-119-2-216,2026-06-09,hr-5408-119,WORKFORCE,oppose,nay,true,,HUMAN,2026-08-04,https://clerk.house.gov/evs/2026/roll216.xml,
K000399,Jennifer A. Kiggans,2,Republican,119,House,h-119-2-216,2026-06-09,hr-5408-119,WORKFORCE,oppose,nay,true,,HUMAN,2026-08-04,https://clerk.house.gov/evs/2026/roll216.xml,
M001227,Jennifer L. McClellan,4,Democrat,119,House,h-119-2-216,2026-06-09,hr-5408-119,WORKFORCE,oppose,yea,true,,HUMAN,2026-08-04,https://clerk.house.gov/evs/2026/roll216.xml,
M001239,John J. McGuire III,5,Republican,119,House,h-119-2-216,2026-06-09,hr-5408-119,WORKFORCE,oppose,nay,true,,HUMAN,2026-08-04,https://clerk.house.gov/evs/2026/roll216.xml,
S000185,"Robert C. ""Bobby"" Scott",3,Democrat,119,House,h-119-2-216,2026-06-09,hr-5408-119,WORKFORCE,oppose,yea,true,,HUMAN,2026-08-04,https://clerk.house.gov/evs/2026/roll216.xml,
S001230,Suhas Subramanyam,10,Democrat,119,House,h-119-2-216,2026-06-09,hr-5408-119,WORKFORCE,oppose,yea,true,,HUMAN,2026-08-04,https://clerk.house.gov/evs/2026/roll216.xml,
V000138,Eugene Simon Vindman,7,Democrat,119,House,h-119-2-216,2026-06-09,hr-5408-119,WORKFORCE,oppose,yea,true,,HUMAN,2026-08-04,https://clerk.house.gov/evs/2026/roll216.xml,
W000804,Robert J. Wittman,1,Republican,119,House,h-119-2-216,2026-06-09,hr-5408-119,WORKFORCE,oppose,nay,true,,HUMAN,2026-08-04,https://clerk.house.gov/evs/2026/roll216.xml,
W000831,James R. Walkinshaw,11,Democrat,119,House,h-119-2-216,2026-06-09,hr-5408-119,WORKFORCE,oppose,yea,true,,HUMAN,2026-08-04,https://clerk.house.gov/evs/2026/roll216.xml,
